"Dealership Name",VIN,Year,Make,Model,Trim,"Vehicle Status","Stock Number","Date In stock","VDP URLs"
"Lou Fusz CDJRF",3C63R3GL6TG182413,2026,RAM,3500,Tradesman,"At Dealership",DR26032,2025-09-09,https://www.loufuszchryslerjeepdodge.net/inventory/new-2026-ram-3500-tradesman-4x4-crew-cab-3c63r3gl6tg182413/
"Lou Fusz CDJRF",3C63R3GLXTG185976,2026,RAM,3500,"TRADESMAN 4X4 CREW CAB 8'","At Dealership",DR26056,2025-10-02,https://www.loufuszchryslerjeepdodge.net/inventory/new-2026-ram-3500-tradesman-4x4-crew-cab-8-4x4-crew-cab-3c63r3glxtg185976/
"Lou Fusz CDJRF",3C63R3GL4TG193247,2026,RAM,3500,Tradesman,"At Dealership",DR26055,2025-10-01,https://www.loufuszchryslerjeepdodge.net/inventory/new-2026-ram-3500-tradesman-4x4-crew-cab-3c63r3gl4tg193247/
"Lou Fusz CDJRF",1C4PJXEN4TW187737,2026,Jeep,Wrangler,"SAHARA 4 DOOR 4X4","At Dealership",DJ26146,2026-01-15,https://www.loufuszchryslerjeepdodge.net/inventory/new-2026-jeep-wrangler-sahara-4-door-4x4-4x4-4-door-1c4pjxen4tw187737/
"Lou Fusz CDJRF",1C4PJXDN7TW190259,2026,Jeep,Wrangler,"SPORT 4 DOOR 4X4","At Dealership",DJ26027,2025-10-01,https://www.loufuszchryslerjeepdodge.net/inventory/new-2026-jeep-wrangler-sport-4-door-4x4-4x4-4-door-1c4pjxdn7tw190259/
"Lou Fusz CDJRF",1C4PJXDN8TW190254,2026,Jeep,Wrangler,"Sport S","At Dealership",DJ26026,2025-10-09,https://www.loufuszchryslerjeepdodge.net/inventory/new-2026-jeep-wrangler-sport-s-4x4-4-door-1c4pjxdn8tw190254/
"Lou Fusz CDJRF",1C6SRFUP2TN172795,2026,RAM,1500,RHO,"At Dealership",DR26121,2026-07-27,https://www.loufuszchryslerjeepdodge.net/inventory/new-2026-ram-1500-rho-4x4-crew-cab-1c6srfup2tn172795/
"Lou Fusz CDJRF",1C4PJXAN9TW158546,2026,Jeep,Wrangler,Sport,"At Dealership",DJ26044,2025-10-13,https://www.loufuszchryslerjeepdodge.net/inventory/new-2026-jeep-wrangler-sport-4x4-2-door-1c4pjxan9tw158546/
"Lou Fusz CDJRF",2C4RC1GG5TR198169,2026,Chrysler,Pacifica,"LIMITED FWD","At Dealership",DC26037,2025-11-14,https://www.loufuszchryslerjeepdodge.net/inventory/new-2026-chrysler-pacifica-limited-fwd-fwd-passenger-van-2c4rc1gg5tr198169/
"Lou Fusz CDJRF",1C4RDJFG4TC172282,2026,Dodge,Durango,Pursuit,"At Dealership",DF26032,2025-11-07,https://www.loufuszchryslerjeepdodge.net/inventory/new-2026-dodge-durango-pursuit-awd-sport-utility-1c4rdjfg4tc172282/
"Lou Fusz CDJRF",1C6SRFUP9TN171031,2026,RAM,1500,"RHO 4X4 CREW CAB 5'7"" BOX","At Dealership",DR26135,2026-03-26,https://www.loufuszchryslerjeepdodge.net/inventory/new-2026-ram-1500-rho-4x4-crew-cab-57-box-4x4-crew-cab-1c6srfup9tn171031/
"Lou Fusz CDJRF",1C4PJXAN8TW180988,2026,Jeep,Wrangler,Sport,"At Dealership",DJ26070,2025-11-11,https://www.loufuszchryslerjeepdodge.net/inventory/new-2026-jeep-wrangler-sport-4x4-2-door-1c4pjxan8tw180988/
"Lou Fusz CDJRF",1C4PJXAN2TW180985,2026,Jeep,Wrangler,Sport,"At Dealership",DJ26062,2025-11-07,https://www.loufuszchryslerjeepdodge.net/inventory/new-2026-jeep-wrangler-sport-4x4-2-door-1c4pjxan2tw180985/
"Lou Fusz CDJRF",1C4PJXAN6TW180987,2026,Jeep,Wrangler,Sport,"At Dealership",DJ26063,2025-11-07,https://www.loufuszchryslerjeepdodge.net/inventory/new-2026-jeep-wrangler-sport-4x4-2-door-1c4pjxan6tw180987/
"Lou Fusz CDJRF",1C4PJXAN8TW180991,2026,Jeep,Wrangler,Sport,"At Dealership",DJ26060,2025-11-06,https://www.loufuszchryslerjeepdodge.net/inventory/new-2026-jeep-wrangler-sport-4x4-2-door-1c4pjxan8tw180991/
"Lou Fusz CDJRF",1C4PJXAN4TW180986,2026,Jeep,Wrangler,"SPORT 2 DOOR 4X4","At Dealership",DJ26108,2025-12-05,https://www.loufuszchryslerjeepdodge.net/inventory/new-2026-jeep-wrangler-sport-2-door-4x4-4x4-2-door-1c4pjxan4tw180986/
"Lou Fusz CDJRF",1C4PJXAN6TW180990,2026,Jeep,Wrangler,Sport,"At Dealership",DJ26066,2026-10-03,https://www.loufuszchryslerjeepdodge.net/inventory/new-2026-jeep-wrangler-sport-4x4-2-door-1c4pjxan6tw180990/
"Lou Fusz CDJRF",1C4PJXEN7TW202165,2026,Jeep,Wrangler,"SAHARA 4 DOOR 4X4","At Dealership",DJ26067,2025-11-10,https://www.loufuszchryslerjeepdodge.net/inventory/new-2026-jeep-wrangler-sahara-4-door-4x4-4x4-4-door-1c4pjxen7tw202165/
"Lou Fusz CDJRF",1C4PJXANXTW180989,2026,Jeep,Wrangler,Sport,"At Dealership",DJ26081,2025-12-01,https://www.loufuszchryslerjeepdodge.net/inventory/new-2026-jeep-wrangler-sport-4x4-2-door-1c4pjxanxtw180989/
"Lou Fusz CDJRF",1C4PJXAN9TW187772,2026,Jeep,Wrangler,Sport,"At Dealership",DJ26082,2025-12-01,https://www.loufuszchryslerjeepdodge.net/inventory/new-2026-jeep-wrangler-sport-4x4-2-door-1c4pjxan9tw187772/
"Lou Fusz CDJRF",1C4PJXEN5TW202164,2026,Jeep,Wrangler,Sahara,"At Dealership",DJ26079,2025-11-14,https://www.loufuszchryslerjeepdodge.net/inventory/new-2026-jeep-wrangler-sahara-4x4-4-door-1c4pjxen5tw202164/
"Lou Fusz CDJRF",3C4NJDBN3TT178785,2026,Jeep,Compass,"Latitude Altitude","At Dealership",DJ26098,2026-01-02,https://www.loufuszchryslerjeepdodge.net/inventory/new-2026-jeep-compass-latitude-altitude-4x4-sport-utility-3c4njdbn3tt178785/
"Lou Fusz CDJRF",1C4PJXAN7TW203466,2026,Jeep,Wrangler,Sport,"At Dealership",DJ26093,2025-12-01,https://www.loufuszchryslerjeepdodge.net/inventory/new-2026-jeep-wrangler-sport-4x4-2-door-1c4pjxan7tw203466/
"Lou Fusz CDJRF",1C4SJVAP1TS152568,2026,Jeep,"Grand Wagoneer",4X4,"At Dealership",DJ26152,2026-01-21,https://www.loufuszchryslerjeepdodge.net/inventory/new-2026-jeep-grand-wagoneer-4x4-4x4-sport-utility-1c4sjvap1ts152568/
"Lou Fusz CDJRF",3C4NJDBN8TT191449,2026,Jeep,Compass,"Latitude Altitude","At Dealership",DJ26099,2025-01-07,https://www.loufuszchryslerjeepdodge.net/inventory/new-2026-jeep-compass-latitude-altitude-4x4-sport-utility-3c4njdbn8tt191449/
"Lou Fusz CDJRF",1C6RJTBG2TL161153,2026,Jeep,Gladiator,Rubicon,"At Dealership",DJ26103,2025-12-02,https://www.loufuszchryslerjeepdodge.net/inventory/new-2026-jeep-gladiator-rubicon-4x4-crew-cab-1c6rjtbg2tl161153/
"Lou Fusz CDJRF",1C6RJTBG0TL161152,2026,Jeep,Gladiator,Rubicon,"At Dealership",DJ26115,2025-12-09,https://www.loufuszchryslerjeepdodge.net/inventory/new-2026-jeep-gladiator-rubicon-4x4-crew-cab-1c6rjtbg0tl161152/
"Lou Fusz CDJRF",1C4PJXEG4TW218826,2026,Jeep,Wrangler,Sahara,"At Dealership",DJ26111,2025-12-05,https://www.loufuszchryslerjeepdodge.net/inventory/new-2026-jeep-wrangler-sahara-4x4-4-door-1c4pjxeg4tw218826/
"Lou Fusz CDJRF",1C4PJXAN7TW200678,2026,Jeep,Wrangler,Sport,"At Dealership",DJ26109,2025-12-05,https://www.loufuszchryslerjeepdodge.net/inventory/new-2026-jeep-wrangler-sport-4x4-2-door-1c4pjxan7tw200678/
"Lou Fusz CDJRF",1C4PJXAN9TW205137,2026,Jeep,Wrangler,Sport,"At Dealership",DJ26114,2025-12-08,https://www.loufuszchryslerjeepdodge.net/inventory/new-2026-jeep-wrangler-sport-4x4-2-door-1c4pjxan9tw205137/
"Lou Fusz CDJRF",1C4PJXAN1TW200675,2026,Jeep,Wrangler,"SPORT 2 DOOR 4X4","At Dealership",DJ26122,2025-12-10,https://www.loufuszchryslerjeepdodge.net/inventory/new-2026-jeep-wrangler-sport-2-door-4x4-4x4-2-door-1c4pjxan1tw200675/
"Lou Fusz CDJRF",1C4PJXAN5TW200677,2026,Jeep,Wrangler,Sport,"At Dealership",DJ26121,2025-12-10,https://www.loufuszchryslerjeepdodge.net/inventory/new-2026-jeep-wrangler-sport-4x4-2-door-1c4pjxan5tw200677/
"Lou Fusz CDJRF",1C4PJXANXTW200674,2026,Jeep,Wrangler,Sport,"At Dealership",DJ26123,2025-12-11,https://www.loufuszchryslerjeepdodge.net/inventory/new-2026-jeep-wrangler-sport-4x4-2-door-1c4pjxanxtw200674/
"Lou Fusz CDJRF",1C6PJTAG6TL167188,2026,Jeep,Gladiator,"SPORT 4X4","At Dealership",DJ26133,2026-01-12,https://www.loufuszchryslerjeepdodge.net/inventory/new-2026-jeep-gladiator-sport-4x4-4x4-crew-cab-1c6pjtag6tl167188/
"Lou Fusz CDJRF",2C4RC1GG3TR183766,2026,Chrysler,Pacifica,Limited,"At Dealership",DC26048,2026-01-02,https://www.loufuszchryslerjeepdodge.net/inventory/new-2026-chrysler-pacifica-limited-fwd-passenger-van-2c4rc1gg3tr183766/
"Lou Fusz CDJRF",1C4PJXANXTW207897,2026,Jeep,Wrangler,Sport,"At Dealership",DJ26129,2025-12-17,https://www.loufuszchryslerjeepdodge.net/inventory/new-2026-jeep-wrangler-sport-4x4-2-door-1c4pjxanxtw207897/
"Lou Fusz CDJRF",3C6MRVJG9TE170523,2026,RAM,ProMaster,"SLT 3500 HIGH ROOF EXT 15","At Dealership",DR26103,2025-12-18,https://www.loufuszchryslerjeepdodge.net/inventory/new-2026-ram-promaster-slt-3500-high-roof-ext-15-4x2-extended-cargo-van-3c6mrvjg9te170523/
"Lou Fusz CDJRF",1C4PJXAN8TW220874,2026,Jeep,Wrangler,Sport,"At Dealership",DJ26138,2026-01-12,https://www.loufuszchryslerjeepdodge.net/inventory/new-2026-jeep-wrangler-sport-4x4-2-door-1c4pjxan8tw220874/
"Lou Fusz CDJRF",1C4PJXANXTW220875,2026,Jeep,Wrangler,Sport,"At Dealership",DJ26142,2026-01-12,https://www.loufuszchryslerjeepdodge.net/inventory/new-2026-jeep-wrangler-sport-4x4-2-door-1c4pjxanxtw220875/
"Lou Fusz CDJRF",3C4PJMB2XTT219055,2026,Jeep,Cherokee,"LAREDO 4X4","At Dealership",DJ26233,2026-04-06,https://www.loufuszchryslerjeepdodge.net/inventory/new-2026-jeep-cherokee-laredo-4x4-4x4-sport-utility-3c4pjmb2xtt219055/
"Lou Fusz CDJRF",3C4PJMB26TT219053,2026,Jeep,Cherokee,Laredo,"At Dealership",DJ26168,2026-02-23,https://www.loufuszchryslerjeepdodge.net/inventory/new-2026-jeep-cherokee-laredo-4x4-sport-utility-3c4pjmb26tt219053/
"Lou Fusz CDJRF",1C4SJVBP3TS161366,2026,Jeep,"Grand Wagoneer","Limited Altitude","At Dealership",DJ26162,2026-02-12,https://www.loufuszchryslerjeepdodge.net/inventory/new-2026-jeep-grand-wagoneer-limited-altitude-4x4-sport-utility-1c4sjvbp3ts161366/
"Lou Fusz CDJRF",1C6SRFFT9TN296007,2026,RAM,1500,"Big Horn","At Dealership",DR26113,2026-02-03,https://www.loufuszchryslerjeepdodge.net/inventory/new-2026-ram-1500-big-horn-4x4-crew-cab-1c6srfft9tn296007/
"Lou Fusz CDJRF",1C4SJVBP1TS161365,2026,Jeep,"Grand Wagoneer","Limited Altitude","At Dealership",DJ26170,2026-02-16,https://www.loufuszchryslerjeepdodge.net/inventory/new-2026-jeep-grand-wagoneer-limited-altitude-4x4-sport-utility-1c4sjvbp1ts161365/
"Lou Fusz CDJRF",3C4PJMB21TT205495,2026,Jeep,Cherokee,Laredo,"At Dealership",DJ26204,2026-04-06,https://www.loufuszchryslerjeepdodge.net/inventory/new-2026-jeep-cherokee-laredo-4x4-sport-utility-3c4pjmb21tt205495/
"Lou Fusz CDJRF",1C6SRFFT0TN319917,2026,RAM,1500,"BIG HORN 4X4 CREW CAB 5'7","At Dealership",DR26123,2026-04-13,https://www.loufuszchryslerjeepdodge.net/inventory/new-2026-ram-1500-big-horn-4x4-crew-cab-57-4x4-crew-cab-1c6srfft0tn319917/
"Lou Fusz CDJRF",1C6SRFFT2TN319918,2026,RAM,1500,"BIG HORN 4X4 CREW CAB 5'7","At Dealership",DR26125,2026-03-03,https://www.loufuszchryslerjeepdodge.net/inventory/new-2026-ram-1500-big-horn-4x4-crew-cab-57-4x4-crew-cab-1c6srfft2tn319918/
"Lou Fusz CDJRF",1C4RDJDG9TC233368,2026,Dodge,Durango,GT,"At Dealership",DD26037,2026-03-05,https://www.loufuszchryslerjeepdodge.net/inventory/new-2026-dodge-durango-gt-awd-sport-utility-1c4rdjdg9tc233368/
"Lou Fusz CDJRF",3C4PJMB29TT205499,2026,Jeep,Cherokee,Laredo,"At Dealership",DJ26206,2026-03-30,https://www.loufuszchryslerjeepdodge.net/inventory/new-2026-jeep-cherokee-laredo-4x4-sport-utility-3c4pjmb29tt205499/
"Lou Fusz CDJRF",3C6MRVJG9TE187743,2026,RAM,ProMaster,Tradesman,"At Dealership",DR26131,2026-03-18,https://www.loufuszchryslerjeepdodge.net/inventory/new-2026-ram-promaster-tradesman-4x2-extended-cargo-van-3c6mrvjg9te187743/
"Lou Fusz CDJRF",1C4SDJFT2TC230940,2026,Dodge,Durango,Pursuit,"At Dealership",DF26108,2026-03-18,https://www.loufuszchryslerjeepdodge.net/inventory/new-2026-dodge-durango-pursuit-awd-sport-utility-1c4sdjft2tc230940/
"Lou Fusz CDJRF",1C4SDJFTXTC234296,2026,Dodge,Durango,Pursuit,"At Dealership",DF26109,2026-03-23,https://www.loufuszchryslerjeepdodge.net/inventory/new-2026-dodge-durango-pursuit-awd-sport-utility-1c4sdjftxtc234296/
"Lou Fusz CDJRF",1C4SDJFT0TC230922,2026,Dodge,Durango,Pursuit,"At Dealership",DF26113,2026-03-30,https://www.loufuszchryslerjeepdodge.net/inventory/new-2026-dodge-durango-pursuit-awd-sport-utility-1c4sdjft0tc230922/
"Lou Fusz CDJRF",1C4SDJFT4TC230941,2026,Dodge,Durango,Pursuit,"At Dealership",DF26110,2026-03-24,https://www.loufuszchryslerjeepdodge.net/inventory/new-2026-dodge-durango-pursuit-awd-sport-utility-1c4sdjft4tc230941/
"Lou Fusz CDJRF",1C4SDJFT0TC230919,2026,Dodge,Durango,Pursuit,"At Dealership",DF26114,2026-03-25,https://www.loufuszchryslerjeepdodge.net/inventory/new-2026-dodge-durango-pursuit-awd-sport-utility-1c4sdjft0tc230919/
"Lou Fusz CDJRF",1C4SDJFT1TC234297,2026,Dodge,Durango,Pursuit,"At Dealership",DF26112,2026-08-01,https://www.loufuszchryslerjeepdodge.net/inventory/new-2026-dodge-durango-pursuit-awd-sport-utility-1c4sdjft1tc234297/
"Lou Fusz CDJRF",1C4SDJFT7TC230920,2026,Dodge,Durango,Pursuit,"At Dealership",DF26116,2026-04-06,https://www.loufuszchryslerjeepdodge.net/inventory/new-2026-dodge-durango-pursuit-awd-sport-utility-1c4sdjft7tc230920/
"Lou Fusz CDJRF",1C6RJTEG8TL181385,2026,Jeep,Gladiator,"MOJAVE 4X4","At Dealership",DJ26218,2026-03-11,https://www.loufuszchryslerjeepdodge.net/inventory/new-2026-jeep-gladiator-mojave-4x4-4x4-crew-cab-1c6rjteg8tl181385/
"Lou Fusz CDJRF",1C4RJKAG6T8577942,2026,Jeep,"Grand Cherokee L","Laredo X","At Dealership",DJ26228,2026-03-30,https://www.loufuszchryslerjeepdodge.net/inventory/new-2026-jeep-grand-cherokee-l-laredo-x-4x4-sport-utility-1c4rjkag6t8577942/
"Lou Fusz CDJRF",1C4SDJCT1TC233588,2026,Dodge,Durango,"GT Plus HEMI V8","At Dealership",DD26039,2026-04-06,https://www.loufuszchryslerjeepdodge.net/inventory/new-2026-dodge-durango-gt-plus-hemi-v8-awd-sport-utility-1c4sdjct1tc233588/
"Lou Fusz CDJRF",1C4SDJFT9TC230921,2026,Dodge,Durango,Pursuit,"At Dealership",DF26122,2026-04-20,https://www.loufuszchryslerjeepdodge.net/inventory/new-2026-dodge-durango-pursuit-awd-sport-utility-1c4sdjft9tc230921/
"Lou Fusz CDJRF",1C6SRFFT5TN348491,2026,RAM,1500,"Big Horn","At Dealership",DR26141,2026-03-25,https://www.loufuszchryslerjeepdodge.net/inventory/new-2026-ram-1500-big-horn-4x4-crew-cab-1c6srfft5tn348491/
"Lou Fusz CDJRF",2C4RC3BG7TR266572,2026,Chrysler,Pacifica,Select,"At Dealership",DC26062,2026-04-06,https://www.loufuszchryslerjeepdodge.net/inventory/new-2026-chrysler-pacifica-select-awd-passenger-van-2c4rc3bg7tr266572/
"Lou Fusz CDJRF",3C6LRVCG3TE187309,2026,RAM,ProMaster,Tradesman,"At Dealership",DR26145,2026-04-09,https://www.loufuszchryslerjeepdodge.net/inventory/new-2026-ram-promaster-tradesman-4x2-cargo-van-3c6lrvcg3te187309/
"Lou Fusz CDJRF",1C4RJHBR5TC244731,2026,Jeep,"Grand Cherokee","Limited Reserve","At Dealership",DJ26243,2026-04-14,https://www.loufuszchryslerjeepdodge.net/inventory/new-2026-jeep-grand-cherokee-limited-reserve-4x4-sport-utility-1c4rjhbr5tc244731/
"Lou Fusz CDJRF",1C4RJKBR6T8577956,2026,Jeep,"Grand Cherokee L","LIMITED 4X4","At Dealership",DJ26252,2026-05-04,https://www.loufuszchryslerjeepdodge.net/inventory/new-2026-jeep-grand-cherokee-l-limited-4x4-4x4-sport-utility-1c4rjkbr6t8577956/
"Lou Fusz CDJRF",3C6MRVJG0TE187744,2026,RAM,ProMaster,Tradesman,"At Dealership",DR26149,2026-04-10,https://www.loufuszchryslerjeepdodge.net/inventory/new-2026-ram-promaster-tradesman-4x2-extended-cargo-van-3c6mrvjg0te187744/
"Lou Fusz CDJRF",2C3CDARP6TR275636,2026,Dodge,Charger,"Scat Pack","At Dealership",DD26044,2026-05-12,https://www.loufuszchryslerjeepdodge.net/inventory/new-2026-dodge-charger-scat-pack-awd-sedan-2c3cdarp6tr275636/
"Lou Fusz CDJRF",1C4RJKBR0T8577953,2026,Jeep,"Grand Cherokee L",Limited,"At Dealership",DJ26277,2026-05-06,https://www.loufuszchryslerjeepdodge.net/inventory/new-2026-jeep-grand-cherokee-l-limited-4x4-sport-utility-1c4rjkbr0t8577953/
"Lou Fusz CDJRF",1C4SDJCT1TC263643,2026,Dodge,Durango,"GT HEMI V8 AWD","At Dealership",DD26045,2026-04-16,https://www.loufuszchryslerjeepdodge.net/inventory/new-2026-dodge-durango-gt-hemi-v8-awd-awd-sport-utility-1c4sdjct1tc263643/
"Lou Fusz CDJRF",2C3CDARP3TR270183,2026,Dodge,Charger,"Scat Pack Plus","At Dealership",DD26050,2026-04-21,https://www.loufuszchryslerjeepdodge.net/inventory/new-2026-dodge-charger-scat-pack-plus-awd-sedan-2c3cdarp3tr270183/
"Lou Fusz CDJRF",2C3CDARPXTR277292,2026,Dodge,Charger,"SCAT PACK 4-DOOR AWD","At Dealership",DD26047,2026-04-21,https://www.loufuszchryslerjeepdodge.net/inventory/new-2026-dodge-charger-scat-pack-4-door-awd-awd-sedan-2c3cdarpxtr277292/
"Lou Fusz CDJRF",1C6SRFFT9TN319916,2026,RAM,1500,"Big Horn","At Dealership",DR26173,2026-04-29,https://www.loufuszchryslerjeepdodge.net/inventory/new-2026-ram-1500-big-horn-4x4-crew-cab-1c6srfft9tn319916/
"Lou Fusz CDJRF",1C4SJVBP4TS176393,2026,Jeep,"Grand Wagoneer","Limited Altitude","At Dealership",DJ26259,2026-04-29,https://www.loufuszchryslerjeepdodge.net/inventory/new-2026-jeep-grand-wagoneer-limited-altitude-4x4-sport-utility-1c4sjvbp4ts176393/
"Lou Fusz CDJRF",1C6PJTAG5TL184970,2026,Jeep,Gladiator,"85th Anniversary Edition","At Dealership",DJ26280,2026-05-01,https://www.loufuszchryslerjeepdodge.net/inventory/new-2026-jeep-gladiator-85th-anniversary-edition-4x4-crew-cab-1c6pjtag5tl184970/
"Lou Fusz CDJRF",1C6SRFFP5TN162551,2026,RAM,1500,"BIG HORN 4X4 CREW CAB 5'7","At Dealership",DR26167,2026-05-01,https://www.loufuszchryslerjeepdodge.net/inventory/new-2026-ram-1500-big-horn-4x4-crew-cab-57-4x4-crew-cab-1c6srffp5tn162551/
"Lou Fusz CDJRF",1C6SRFFP7TN162549,2026,RAM,1500,"Big Horn","At Dealership",DR26163,2026-04-27,https://www.loufuszchryslerjeepdodge.net/inventory/new-2026-ram-1500-big-horn-4x4-crew-cab-1c6srffp7tn162549/
"Lou Fusz CDJRF",1C6SRFFP7TN162552,2026,RAM,1500,"Big Horn","At Dealership",DR26172,2026-04-29,https://www.loufuszchryslerjeepdodge.net/inventory/new-2026-ram-1500-big-horn-4x4-crew-cab-1c6srffp7tn162552/
"Lou Fusz CDJRF",1C4RJKBR4T8577955,2026,Jeep,"Grand Cherokee L",Limited,"At Dealership",DJ26271,2026-05-06,https://www.loufuszchryslerjeepdodge.net/inventory/new-2026-jeep-grand-cherokee-l-limited-4x4-sport-utility-1c4rjkbr4t8577955/
"Lou Fusz CDJRF",1C4SDJCT3TC256256,2026,Dodge,Durango,"GT HEMI V8","At Dealership",DD26060,2026-05-01,https://www.loufuszchryslerjeepdodge.net/inventory/new-2026-dodge-durango-gt-hemi-v8-awd-sport-utility-1c4sdjct3tc256256/
"Lou Fusz CDJRF",3C6MR5BJ6TG337502,2026,RAM,2500,"Big Horn","At Dealership",DR26174,2026-05-21,https://www.loufuszchryslerjeepdodge.net/inventory/new-2026-ram-2500-big-horn-4x4-regular-cab-3c6mr5bj6tg337502/
"Lou Fusz CDJRF",1C6PJTAG9TL184969,2026,Jeep,Gladiator,"85th Anniversary Edition","At Dealership",DJ26287,2026-05-01,https://www.loufuszchryslerjeepdodge.net/inventory/new-2026-jeep-gladiator-85th-anniversary-edition-4x4-crew-cab-1c6pjtag9tl184969/
"Lou Fusz CDJRF",1C4RJKAG8T8577943,2026,Jeep,"Grand Cherokee L","LAREDO 4X4","At Dealership",DJ26279,2026-05-08,https://www.loufuszchryslerjeepdodge.net/inventory/new-2026-jeep-grand-cherokee-l-laredo-4x4-4x4-sport-utility-1c4rjkag8t8577943/
"Lou Fusz CDJRF",1C6PJTAG7TL184971,2026,Jeep,Gladiator,"85th Anniversary Edition","At Dealership",DJ26291,2026-05-04,https://www.loufuszchryslerjeepdodge.net/inventory/new-2026-jeep-gladiator-85th-anniversary-edition-4x4-crew-cab-1c6pjtag7tl184971/
"Lou Fusz CDJRF",2C4RC1BG2VR551428,2027,Chrysler,Pacifica,Select,"At Dealership",DC27001,2026-05-19,https://www.loufuszchryslerjeepdodge.net/inventory/new-2027-chrysler-pacifica-select-fwd-passenger-van-2c4rc1bg2vr551428/
"Lou Fusz CDJRF",1C4SJVAP2TS183859,2026,Jeep,"Grand Wagoneer",4X4,"At Dealership",DJ26299,2026-05-15,https://www.loufuszchryslerjeepdodge.net/inventory/new-2026-jeep-grand-wagoneer-4x4-4x4-sport-utility-1c4sjvap2ts183859/
"Lou Fusz CDJRF",1C4SJVAP4TS183863,2026,Jeep,"Grand Wagoneer",4X4,"At Dealership",DJ26297,2026-05-14,https://www.loufuszchryslerjeepdodge.net/inventory/new-2026-jeep-grand-wagoneer-4x4-4x4-sport-utility-1c4sjvap4ts183863/
"Lou Fusz CDJRF",1C4SJVBP1TS185603,2026,Jeep,"Grand Wagoneer","Limited Reserve","At Dealership",DJ26292,2026-05-22,https://www.loufuszchryslerjeepdodge.net/inventory/new-2026-jeep-grand-wagoneer-limited-reserve-4x4-sport-utility-1c4sjvbp1ts185603/
"Lou Fusz CDJRF",1C4SJVAP0TS183858,2026,Jeep,"Grand Wagoneer",4X4,"At Dealership",DJ26302,2026-05-22,https://www.loufuszchryslerjeepdodge.net/inventory/new-2026-jeep-grand-wagoneer-4x4-4x4-sport-utility-1c4sjvap0ts183858/
"Lou Fusz CDJRF",1C4SJVAP0TS183861,2026,Jeep,"Grand Wagoneer",4X4,"At Dealership",DJ26301,2026-05-26,https://www.loufuszchryslerjeepdodge.net/inventory/new-2026-jeep-grand-wagoneer-4x4-4x4-sport-utility-1c4sjvap0ts183861/
"Lou Fusz CDJRF",1C4RDJDG8TC265406,2026,Dodge,Durango,GT,"At Dealership",DD26068,2026-05-14,https://www.loufuszchryslerjeepdodge.net/inventory/new-2026-dodge-durango-gt-awd-sport-utility-1c4rdjdg8tc265406/
"Lou Fusz CDJRF",2C4RC3BG0VR555943,2027,Chrysler,Pacifica,"SELECT AWD","At Dealership",DC27006,2026-05-22,https://www.loufuszchryslerjeepdodge.net/inventory/new-2027-chrysler-pacifica-select-awd-awd-passenger-van-2c4rc3bg0vr555943/
"Lou Fusz CDJRF",1C4SJSEP0TS189037,2026,Jeep,"Grand Wagoneer","SUMMIT 4X4","At Dealership",DJ26310,2026-05-26,https://www.loufuszchryslerjeepdodge.net/inventory/new-2026-jeep-grand-wagoneer-summit-4x4-4x4-sport-utility-1c4sjsep0ts189037/
"Lou Fusz CDJRF",1C4SDJCT5TC269252,2026,Dodge,Durango,"GT Premium HEMI V8","At Dealership",DD26072,2026-05-26,https://www.loufuszchryslerjeepdodge.net/inventory/new-2026-dodge-durango-gt-premium-hemi-v8-awd-sport-utility-1c4sdjct5tc269252/
"Lou Fusz CDJRF",1C4SJVEP7TS189036,2026,Jeep,"Grand Wagoneer","Summit Obsidian","At Dealership",DJ26314,2026-06-18,https://www.loufuszchryslerjeepdodge.net/inventory/new-2026-jeep-grand-wagoneer-summit-obsidian-4x4-sport-utility-1c4sjvep7ts189036/
"Lou Fusz CDJRF",1C4PJXEN3TW218816,2026,Jeep,Wrangler,Sahara,"At Dealership",DJ26312,2026-06-08,https://www.loufuszchryslerjeepdodge.net/inventory/new-2026-jeep-wrangler-sahara-4x4-4-door-1c4pjxen3tw218816/
"Lou Fusz CDJRF",3C6UR5DJ2TG309810,2026,RAM,2500,"Big Horn","At Dealership",DR26186,2026-05-28,https://www.loufuszchryslerjeepdodge.net/inventory/new-2026-ram-2500-big-horn-4x4-crew-cab-3c6ur5dj2tg309810/
"Lou Fusz CDJRF",3C4NJDBN5TT272165,2026,Jeep,Compass,"Latitude Altitude","At Dealership",DJ26317,2026-06-11,https://www.loufuszchryslerjeepdodge.net/inventory/new-2026-jeep-compass-latitude-altitude-4x4-sport-utility-3c4njdbn5tt272165/
"Lou Fusz CDJRF",3C63R3DL1TG343013,2026,RAM,3500,"BIG HORN 4X4 CREW CAB 6'4","At Dealership",DR26195,2026-06-08,https://www.loufuszchryslerjeepdodge.net/inventory/new-2026-ram-3500-big-horn-4x4-crew-cab-64-4x4-crew-cab-3c63r3dl1tg343013/
"Lou Fusz CDJRF",3C63R3DL6TG339121,2026,RAM,3500,"Big Horn","At Dealership",DR26196,2026-06-18,https://www.loufuszchryslerjeepdodge.net/inventory/new-2026-ram-3500-big-horn-4x4-crew-cab-3c63r3dl6tg339121/
"Lou Fusz CDJRF",3C6UR5FLXTG338423,2026,RAM,2500,Laramie,"At Dealership",DR26193,2026-06-15,https://www.loufuszchryslerjeepdodge.net/inventory/new-2026-ram-2500-laramie-4x4-crew-cab-3c6ur5flxtg338423/
"Lou Fusz CDJRF",1C6SRFJTXTN409910,2026,RAM,1500,Laramie,"At Dealership",DR26200,2026-06-09,https://www.loufuszchryslerjeepdodge.net/inventory/new-2026-ram-1500-laramie-4x4-crew-cab-1c6srfjtxtn409910/
"Lou Fusz CDJRF",3C4PJMB22TT276625,2026,Jeep,Cherokee,Laredo,"At Dealership",DJ26320,2026-06-18,https://www.loufuszchryslerjeepdodge.net/inventory/new-2026-jeep-cherokee-laredo-4x4-sport-utility-3c4pjmb22tt276625/
"Lou Fusz CDJRF",3C6UR5FL1TG338424,2026,RAM,2500,Laramie,"At Dealership",DR26198,2026-06-18,https://www.loufuszchryslerjeepdodge.net/inventory/new-2026-ram-2500-laramie-4x4-crew-cab-3c6ur5fl1tg338424/
"Lou Fusz CDJRF",1C6SRFJT7TN409914,2026,RAM,1500,"LARAMIE 4X4 CREW CAB 5'7""","At Dealership",DR26204,2026-06-17,https://www.loufuszchryslerjeepdodge.net/inventory/new-2026-ram-1500-laramie-4x4-crew-cab-57-4x4-crew-cab-1c6srfjt7tn409914/
"Lou Fusz CDJRF",1C4SDJCT9TC296857,2026,Dodge,Durango,"GT HEMI V8 AWD","At Dealership",DD26080,2026-06-29,https://www.loufuszchryslerjeepdodge.net/inventory/new-2026-dodge-durango-gt-hemi-v8-awd-awd-sport-utility-1c4sdjct9tc296857/
"Lou Fusz CDJRF",1C6SRFFT2TN408808,2026,RAM,1500,"Big Horn","At Dealership",DR26207,2026-06-17,https://www.loufuszchryslerjeepdodge.net/inventory/new-2026-ram-1500-big-horn-4x4-crew-cab-1c6srfft2tn408808/
"Lou Fusz CDJRF",1C4SDJCT0TC296858,2026,Dodge,Durango,"GT HEMI V8 AWD","At Dealership",DD26084,2026-07-02,https://www.loufuszchryslerjeepdodge.net/inventory/new-2026-dodge-durango-gt-hemi-v8-awd-awd-sport-utility-1c4sdjct0tc296858/
"Lou Fusz CDJRF",1C6SRFJT6TN409919,2026,RAM,1500,Laramie,"At Dealership",DR26205,2026-06-15,https://www.loufuszchryslerjeepdodge.net/inventory/new-2026-ram-1500-laramie-4x4-crew-cab-1c6srfjt6tn409919/
"Lou Fusz CDJRF",1C4RJHBR2TC297726,2026,Jeep,"Grand Cherokee","LIMITED 4X4","At Dealership",DJ26336,2026-06-22,https://www.loufuszchryslerjeepdodge.net/inventory/new-2026-jeep-grand-cherokee-limited-4x4-4x4-sport-utility-1c4rjhbr2tc297726/
"Lou Fusz CDJRF",1C4SDJCT3TC296854,2026,Dodge,Durango,"GT Premium HEMI V8","At Dealership",DD26081,2026-06-29,https://www.loufuszchryslerjeepdodge.net/inventory/new-2026-dodge-durango-gt-premium-hemi-v8-awd-sport-utility-1c4sdjct3tc296854/
"Lou Fusz CDJRF",1C6SRFFT3TN408817,2026,RAM,1500,"Big Horn","At Dealership",DR26214,2026-06-19,https://www.loufuszchryslerjeepdodge.net/inventory/new-2026-ram-1500-big-horn-4x4-crew-cab-1c6srfft3tn408817/
"Lou Fusz CDJRF",1C4RJKER6T8596633,2026,Jeep,"Grand Cherokee L",Summit,"At Dealership",DJ26362,2026-08-01,https://www.loufuszchryslerjeepdodge.net/inventory/new-2026-jeep-grand-cherokee-l-summit-4x4-sport-utility-1c4rjker6t8596633/
"Lou Fusz CDJRF",1C4RJHBR0TC297725,2026,Jeep,"Grand Cherokee","85th Anniversary Edition","At Dealership",DJ26337,2026-06-17,https://www.loufuszchryslerjeepdodge.net/inventory/new-2026-jeep-grand-cherokee-85th-anniversary-edition-4x4-sport-utility-1c4rjhbr0tc297725/
"Lou Fusz CDJRF",1C6SRFJT2TN409917,2026,RAM,1500,Laramie,"At Dealership",DR26227,2026-07-02,https://www.loufuszchryslerjeepdodge.net/inventory/new-2026-ram-1500-laramie-4x4-crew-cab-1c6srfjt2tn409917/
"Lou Fusz CDJRF",1C4RJKBR1T8577959,2026,Jeep,"Grand Cherokee L","Limited Reserve","At Dealership",DJ26339,2026-06-25,https://www.loufuszchryslerjeepdodge.net/inventory/new-2026-jeep-grand-cherokee-l-limited-reserve-4x4-sport-utility-1c4rjkbr1t8577959/
"Lou Fusz CDJRF",3C4NJDDN4TT260182,2026,Jeep,Compass,Trailhawk,"At Dealership",DJ26335,2026-06-25,https://www.loufuszchryslerjeepdodge.net/inventory/new-2026-jeep-compass-trailhawk-4x4-sport-utility-3c4njddn4tt260182/
"Lou Fusz CDJRF",3C63R3DL2TG354571,2026,RAM,3500,"Big Horn","At Dealership",DR26226,2026-07-31,https://www.loufuszchryslerjeepdodge.net/inventory/new-2026-ram-3500-big-horn-4x4-crew-cab-3c63r3dl2tg354571/
"Lou Fusz CDJRF",3C63R3DL4TG354572,2026,RAM,3500,"Big Horn","At Dealership",DR26219,2026-09-10,https://www.loufuszchryslerjeepdodge.net/inventory/new-2026-ram-3500-big-horn-4x4-crew-cab-3c63r3dl4tg354572/
"Lou Fusz CDJRF",3C63R3DL6TG354573,2026,RAM,3500,"Big Horn","At Dealership",DR26220,2026-09-10,https://www.loufuszchryslerjeepdodge.net/inventory/new-2026-ram-3500-big-horn-4x4-crew-cab-3c63r3dl6tg354573/
"Lou Fusz CDJRF",3C63R3GL4TG355491,2026,RAM,3500,Tradesman,"At Dealership",DR26224,2026-07-08,https://www.loufuszchryslerjeepdodge.net/inventory/new-2026-ram-3500-tradesman-4x4-crew-cab-3c63r3gl4tg355491/
"Lou Fusz CDJRF",3C63R3GL6TG355492,2026,RAM,3500,Tradesman,"At Dealership",DR26225,2026-07-08,https://www.loufuszchryslerjeepdodge.net/inventory/new-2026-ram-3500-tradesman-4x4-crew-cab-3c63r3gl6tg355492/
"Lou Fusz CDJRF",1C6SRFJT3TN409912,2026,RAM,1500,"LARAMIE 4X4 CREW CAB 5'7""","At Dealership",DR26217,2026-06-17,https://www.loufuszchryslerjeepdodge.net/inventory/new-2026-ram-1500-laramie-4x4-crew-cab-57-4x4-crew-cab-1c6srfjt3tn409912/
"Lou Fusz CDJRF",3C63R5HL3TG355220,2026,RAM,2500,Tradesman,"At Dealership",DR26222,2026-06-29,https://www.loufuszchryslerjeepdodge.net/inventory/new-2026-ram-2500-tradesman-4x4-crew-cab-3c63r5hl3tg355220/
"Lou Fusz CDJRF",3C4NJDBN4TT280189,2026,Jeep,Compass,"Latitude Altitude","At Dealership",DJ26349,2026-07-15,https://www.loufuszchryslerjeepdodge.net/inventory/new-2026-jeep-compass-latitude-altitude-4x4-sport-utility-3c4njdbn4tt280189/
"Lou Fusz CDJRF",1C4RJXFG0TW317795,2026,Jeep,Wrangler,"Rubicon X","At Dealership",DJ26360,2026-07-21,https://www.loufuszchryslerjeepdodge.net/inventory/new-2026-jeep-wrangler-rubicon-x-4x4-4-door-1c4rjxfg0tw317795/
"Lou Fusz CDJRF",1C4PJXDN8TW328231,2026,Jeep,Wrangler,"Sport S","At Dealership",DJ26344,2026-07-22,https://www.loufuszchryslerjeepdodge.net/inventory/new-2026-jeep-wrangler-sport-s-4x4-4-door-1c4pjxdn8tw328231/
"Lou Fusz CDJRF",3C4NJDBNXTT278950,2026,Jeep,Compass,"Latitude Altitude","At Dealership",DJ26346,2026-07-13,https://www.loufuszchryslerjeepdodge.net/inventory/new-2026-jeep-compass-latitude-altitude-4x4-sport-utility-3c4njdbnxtt278950/
"Lou Fusz CDJRF",3C4NJDBN3TT278949,2026,Jeep,Compass,"Latitude Altitude","At Dealership",DJ26357,2026-07-15,https://www.loufuszchryslerjeepdodge.net/inventory/new-2026-jeep-compass-latitude-altitude-4x4-sport-utility-3c4njdbn3tt278949/
"Lou Fusz CDJRF",3C4NJDBN8TT266392,2026,Jeep,Compass,"Latitude Altitude","At Dealership",DJ26347,2026-07-28,https://www.loufuszchryslerjeepdodge.net/inventory/new-2026-jeep-compass-latitude-altitude-4x4-sport-utility-3c4njdbn8tt266392/
"Lou Fusz CDJRF",1C4PJXDNXTW328232,2026,Jeep,Wrangler,"Sport S","At Dealership",DJ26348,2026-07-21,https://www.loufuszchryslerjeepdodge.net/inventory/new-2026-jeep-wrangler-sport-s-4x4-4-door-1c4pjxdnxtw328232/
"Lou Fusz CDJRF",1C4RJHBR3TC302545,2026,Jeep,"Grand Cherokee","85th Anniversary Edition","At Dealership",DJ26358,2026-07-13,https://www.loufuszchryslerjeepdodge.net/inventory/new-2026-jeep-grand-cherokee-85th-anniversary-edition-4x4-sport-utility-1c4rjhbr3tc302545/
"Lou Fusz CDJRF",1C4SJVBP6TS197083,2026,Jeep,"Grand Wagoneer","Limited Reserve","At Dealership",DJ26356,2026-07-08,https://www.loufuszchryslerjeepdodge.net/inventory/new-2026-jeep-grand-wagoneer-limited-reserve-4x4-sport-utility-1c4sjvbp6ts197083/
"Lou Fusz CDJRF",1C4PJXDN6TW328230,2026,Jeep,Wrangler,"Sport S","At Dealership",DJ26350,2026-08-01,https://www.loufuszchryslerjeepdodge.net/inventory/new-2026-jeep-wrangler-sport-s-4x4-4-door-1c4pjxdn6tw328230/
"Lou Fusz CDJRF",1C6SRFFTXTN408815,2026,RAM,1500,"Big Horn","At Dealership",DR26240,2026-07-21,https://www.loufuszchryslerjeepdodge.net/inventory/new-2026-ram-1500-big-horn-4x4-crew-cab-1c6srfftxtn408815/
"Lou Fusz CDJRF",1C4SJVBP1TS197119,2026,Jeep,"Grand Wagoneer","Limited Altitude","At Dealership",DJ26359,2026-07-08,https://www.loufuszchryslerjeepdodge.net/inventory/new-2026-jeep-grand-wagoneer-limited-altitude-4x4-sport-utility-1c4sjvbp1ts197119/
"Lou Fusz CDJRF",3C63R5HL9TG362074,2026,RAM,2500,Tradesman,"At Dealership",DR26236,2026-06-30,https://www.loufuszchryslerjeepdodge.net/inventory/new-2026-ram-2500-tradesman-4x4-crew-cab-3c63r5hl9tg362074/
"Lou Fusz CDJRF",3C6UR5DJ3TG352858,2026,RAM,2500,"Big Horn","At Dealership",DR26239,2026-07-17,https://www.loufuszchryslerjeepdodge.net/inventory/new-2026-ram-2500-big-horn-4x4-crew-cab-3c6ur5dj3tg352858/
"Lou Fusz CDJRF",3C6LRVAG3TE207545,2026,RAM,ProMaster,Tradesman,"At Dealership",DR26242,2026-07-07,https://www.loufuszchryslerjeepdodge.net/inventory/new-2026-ram-promaster-tradesman-4x2-cargo-van-3c6lrvag3te207545/
"Lou Fusz CDJRF",1C4PJXEG8TW338144,2026,Jeep,Wrangler,Sahara,"At Dealership",DJ26367,2026-07-27,https://www.loufuszchryslerjeepdodge.net/inventory/new-2026-jeep-wrangler-sahara-4x4-4-door-1c4pjxeg8tw338144/
"Lou Fusz CDJRF",3C6UR5DL0TG365231,2026,RAM,2500,"Big Horn","At Dealership",DR26244,2026-07-17,https://www.loufuszchryslerjeepdodge.net/inventory/new-2026-ram-2500-big-horn-4x4-crew-cab-3c6ur5dl0tg365231/
"Lou Fusz CDJRF",3C63R3GJXTG355493,2026,RAM,3500,Tradesman,"At Dealership",DR26248,2026-07-17,https://www.loufuszchryslerjeepdodge.net/inventory/new-2026-ram-3500-tradesman-4x4-crew-cab-3c63r3gjxtg355493/
"Lou Fusz CDJRF",1C4RJKBR3T8605180,2026,Jeep,"Grand Cherokee L","85th Anniversary Edition","At Dealership",DJ26378,2026-08-03,https://www.loufuszchryslerjeepdodge.net/inventory/new-2026-jeep-grand-cherokee-l-85th-anniversary-edition-4x4-sport-utility-1c4rjkbr3t8605180/
"Lou Fusz CDJRF",1C4RJKBR3T8612985,2026,Jeep,"Grand Cherokee L","85th Anniversary Edition","At Dealership",DJ26394,2026-08-14,https://www.loufuszchryslerjeepdodge.net/inventory/new-2026-jeep-grand-cherokee-l-85th-anniversary-edition-4x4-sport-utility-1c4rjkbr3t8612985/
"Lou Fusz CDJRF",3C4NJDCN3TT292171,2026,Jeep,Compass,Limited,"At Dealership",DJ26368,2026-07-15,https://www.loufuszchryslerjeepdodge.net/inventory/new-2026-jeep-compass-limited-4x4-sport-utility-3c4njdcn3tt292171/
"Lou Fusz CDJRF",1C4RJXFG2TW340348,2026,Jeep,Wrangler,"Rubicon X","At Dealership",DJ26380,2026-07-28,https://www.loufuszchryslerjeepdodge.net/inventory/new-2026-jeep-wrangler-rubicon-x-4x4-4-door-1c4rjxfg2tw340348/
"Lou Fusz CDJRF",3C6LRVDG4TE209039,2026,RAM,ProMaster,"SLT 2500 HIGH ROOF 159"" W","At Dealership",DR26249,2026-08-10,https://www.loufuszchryslerjeepdodge.net/inventory/new-2026-ram-promaster-slt-2500-high-roof-159-w-4x2-cargo-van-3c6lrvdg4te209039/
"Lou Fusz CDJRF",2C4RC1PG5VR588434,2027,Chrysler,Pacifica,Pinnacle,"At Dealership",DC27011,2026-07-21,https://www.loufuszchryslerjeepdodge.net/inventory/new-2027-chrysler-pacifica-pinnacle-fwd-passenger-van-2c4rc1pg5vr588434/
"Lou Fusz CDJRF",1C4PJXDG5TW307239,2026,Jeep,Wrangler,"Sport S","At Dealership",DJ26370,2026-07-06,https://www.loufuszchryslerjeepdodge.net/inventory/new-2026-jeep-wrangler-sport-s-4x4-4-door-1c4pjxdg5tw307239/
"Lou Fusz CDJRF",3C4NJDCNXTT292166,2026,Jeep,Compass,"Limited Altitude","At Dealership",DJ26375,2026-07-31,https://www.loufuszchryslerjeepdodge.net/inventory/new-2026-jeep-compass-limited-altitude-4x4-sport-utility-3c4njdcnxtt292166/
"Lou Fusz CDJRF",1C6SRFJT6VN567647,2027,RAM,1500,Laramie,"At Dealership",DR27022,2026-08-25,https://www.loufuszchryslerjeepdodge.net/inventory/new-2027-ram-1500-laramie-4x4-crew-cab-1c6srfjt6vn567647/
"Lou Fusz CDJRF",1C4RJHAR2VC554386,2027,Jeep,"Grand Cherokee","LAREDO ALTITUDE 4X4","At Dealership",DJ27005,2026-09-14,https://www.loufuszchryslerjeepdodge.net/inventory/new-2027-jeep-grand-cherokee-laredo-altitude-4x4-4x4-sport-utility-1c4rjhar2vc554386/
"Lou Fusz CDJRF",3C6LRVDG2TE209041,2026,RAM,ProMaster,"TRADESMAN 2500 HIGH ROOF","At Dealership",DR26273,2026-08-18,https://www.loufuszchryslerjeepdodge.net/inventory/new-2026-ram-promaster-tradesman-2500-high-roof-4x2-cargo-van-3c6lrvdg2te209041/
"Lou Fusz CDJRF",1C6SRFJT2VN567645,2027,RAM,1500,Laramie,"At Dealership",DR27023,2026-08-25,https://www.loufuszchryslerjeepdodge.net/inventory/new-2027-ram-1500-laramie-4x4-crew-cab-1c6srfjt2vn567645/
"Lou Fusz CDJRF",1C4RJHBR2VC554385,2027,Jeep,"Grand Cherokee","LIMITED 4X4","At Dealership",DJ27003,2026-09-03,https://www.loufuszchryslerjeepdodge.net/inventory/new-2027-jeep-grand-cherokee-limited-4x4-4x4-sport-utility-1c4rjhbr2vc554385/
"Lou Fusz CDJRF",3C6LRVNG9TE207544,2026,RAM,ProMaster,Tradesman,"At Dealership",DR26274,2026-08-20,https://www.loufuszchryslerjeepdodge.net/inventory/new-2026-ram-promaster-tradesman-4x2-cargo-van-3c6lrvng9te207544/
"Lou Fusz CDJRF",1C4RJHAG6VC558357,2027,Jeep,"Grand Cherokee","Laredo X","At Dealership",DJ27001,1969-12-31,https://www.loufuszchryslerjeepdodge.net/inventory/new-2027-jeep-grand-cherokee-laredo-x-4x4-sport-utility-1c4rjhag6vc558357/
"Lou Fusz CDJRF",2C4RC1BG2VR591993,2027,Chrysler,Pacifica,"SELECT FWD","At Dealership",DC27013,2026-08-31,https://www.loufuszchryslerjeepdodge.net/inventory/new-2027-chrysler-pacifica-select-fwd-fwd-passenger-van-2c4rc1bg2vr591993/
"Lou Fusz CDJRF",1C4RJHAG4VC558356,2027,Jeep,"Grand Cherokee","Laredo X","At Dealership",DJ27006,2026-08-31,https://www.loufuszchryslerjeepdodge.net/inventory/new-2027-jeep-grand-cherokee-laredo-x-4x4-sport-utility-1c4rjhag4vc558356/
"Lou Fusz CDJRF",2C4RC1BG0VR591989,2027,Chrysler,Pacifica,Select,"At Dealership",DC27017,2026-08-31,https://www.loufuszchryslerjeepdodge.net/inventory/new-2027-chrysler-pacifica-select-fwd-passenger-van-2c4rc1bg0vr591989/
"Lou Fusz CDJRF",2C4RC1BG7VR591990,2027,Chrysler,Pacifica,"SELECT FWD","At Dealership",DC27015,2026-08-31,https://www.loufuszchryslerjeepdodge.net/inventory/new-2027-chrysler-pacifica-select-fwd-fwd-passenger-van-2c4rc1bg7vr591990/
"Lou Fusz CDJRF",2C4RC1BG9VR591991,2027,Chrysler,Pacifica,Select,"At Dealership",DC27016,2026-08-31,https://www.loufuszchryslerjeepdodge.net/inventory/new-2027-chrysler-pacifica-select-fwd-passenger-van-2c4rc1bg9vr591991/
"Lou Fusz CDJRF",1C4SJSBP0TS202969,2026,Jeep,"Grand Wagoneer",Limited,"At Dealership",DJ26408,2026-09-14,https://www.loufuszchryslerjeepdodge.net/inventory/new-2026-jeep-grand-wagoneer-limited-4x4-sport-utility-1c4sjsbp0ts202969/
"Lou Fusz CDJRF",3C6UR5DL1VG373602,2027,RAM,2500,"BIG HORN 4X4 CREW CAB 6'4","At Dealership",DR27024,2026-09-08,https://www.loufuszchryslerjeepdodge.net/inventory/new-2027-ram-2500-big-horn-4x4-crew-cab-64-4x4-crew-cab-3c6ur5dl1vg373602/
"Lou Fusz CDJRF",1C6SRFFT9VN559003,2027,RAM,1500,"Big Horn","At Dealership",DR27034,2026-09-16,https://www.loufuszchryslerjeepdodge.net/inventory/new-2027-ram-1500-big-horn-4x4-crew-cab-1c6srfft9vn559003/
"Lou Fusz CDJRF",1C6SRFGT7VN550962,2027,RAM,1500,"TRADESMAN 4X4 CREW CAB 5'","At Dealership",DR27025,2026-08-31,https://www.loufuszchryslerjeepdodge.net/inventory/new-2027-ram-1500-tradesman-4x4-crew-cab-5-4x4-crew-cab-1c6srfgt7vn550962/
"Lou Fusz CDJRF",1C6SRFGTXVN567061,2027,RAM,1500,Express,"At Dealership",DR27028,2026-09-04,https://www.loufuszchryslerjeepdodge.net/inventory/new-2027-ram-1500-express-4x4-crew-cab-1c6srfgtxvn567061/
"Lou Fusz CDJRF",1C4SJSBP7TS203083,2026,Jeep,"Grand Wagoneer",Limited,"At Dealership",DJ26404,2026-09-09,https://www.loufuszchryslerjeepdodge.net/inventory/new-2026-jeep-grand-wagoneer-limited-4x4-sport-utility-1c4sjsbp7ts203083/
"Lou Fusz CDJRF",1C4RJHAG8VC558358,2027,Jeep,"Grand Cherokee","Laredo X","At Dealership",DJ27007,2026-09-04,https://www.loufuszchryslerjeepdodge.net/inventory/new-2027-jeep-grand-cherokee-laredo-x-4x4-sport-utility-1c4rjhag8vc558358/
"Lou Fusz CDJRF",1C6SRFGT1VN567062,2027,RAM,1500,Express,"At Dealership",DR27030,2026-09-03,https://www.loufuszchryslerjeepdodge.net/inventory/new-2027-ram-1500-express-4x4-crew-cab-1c6srfgt1vn567062/
"Lou Fusz CDJRF",1C6SRFGT3VN567063,2027,RAM,1500,"TRADESMAN 4X4 CREW CAB 5'","At Dealership",DR27027,2026-09-04,https://www.loufuszchryslerjeepdodge.net/inventory/new-2027-ram-1500-tradesman-4x4-crew-cab-5-4x4-crew-cab-1c6srfgt3vn567063/
"Lou Fusz CDJRF",3C6UR5DJ8VG372350,2027,RAM,2500,"Big Horn","At Dealership",DR27026,2026-09-09,https://www.loufuszchryslerjeepdodge.net/inventory/new-2027-ram-2500-big-horn-4x4-crew-cab-3c6ur5dj8vg372350/
"Lou Fusz CDJRF",2C4RC1BG0VR591992,2027,Chrysler,Pacifica,Select,"At Dealership",DC27018,2026-09-09,https://www.loufuszchryslerjeepdodge.net/inventory/new-2027-chrysler-pacifica-select-fwd-passenger-van-2c4rc1bg0vr591992/
"Lou Fusz CDJRF",3C7WRNFL0TG361701,2026,RAM,"5500 Chassis Cab",Tradesman,"At Dealership",DF26180,1969-12-31,https://www.loufuszchryslerjeepdodge.net/inventory/new-2026-ram-5500-chassis-cab-tradesman-4x4-crew-cab-3c7wrnfl0tg361701/
"Lou Fusz CDJRF",3C7WRNFL9TG361700,2026,RAM,"5500 Chassis Cab",Tradesman,"At Dealership",DF26179,1969-12-31,https://www.loufuszchryslerjeepdodge.net/inventory/new-2026-ram-5500-chassis-cab-tradesman-4x4-crew-cab-3c7wrnfl9tg361700/
"Lou Fusz CDJRF",1C6SRFFT8VN574768,2027,RAM,1500,"Big Horn","At Dealership",DR27033,2026-09-18,https://www.loufuszchryslerjeepdodge.net/inventory/new-2027-ram-1500-big-horn-4x4-crew-cab-1c6srfft8vn574768/
"Lou Fusz CDJRF",1C6SRFFTXVN574769,2027,RAM,1500,"Big Horn","At Dealership",DR27035,2026-09-24,https://www.loufuszchryslerjeepdodge.net/inventory/new-2027-ram-1500-big-horn-4x4-crew-cab-1c6srfftxvn574769/
"Lou Fusz CDJRF",1C6SRFJT4VN567646,2027,RAM,1500,Laramie,"At Dealership",DR27031,2026-09-09,https://www.loufuszchryslerjeepdodge.net/inventory/new-2027-ram-1500-laramie-4x4-crew-cab-1c6srfjt4vn567646/
"Lou Fusz CDJRF",1C6SRFFT6VN574767,2027,RAM,1500,"Big Horn","At Dealership",DR27032,2026-09-16,https://www.loufuszchryslerjeepdodge.net/inventory/new-2027-ram-1500-big-horn-4x4-crew-cab-1c6srfft6vn574767/
"Lou Fusz CDJRF",1C4RJHAR5VC558352,2027,Jeep,"Grand Cherokee","Laredo Altitude","At Dealership",DJ27009,2026-09-14,https://www.loufuszchryslerjeepdodge.net/inventory/new-2027-jeep-grand-cherokee-laredo-altitude-4x4-sport-utility-1c4rjhar5vc558352/
"Lou Fusz CDJRF",1C4PJXDN3VW570248,2027,Jeep,Wrangler,Sport,"At Dealership",DJ27010,1969-12-31,https://www.loufuszchryslerjeepdodge.net/inventory/new-2027-jeep-wrangler-sport-4x4-4-door-1c4pjxdn3vw570248/
"Lou Fusz CDJRF",1C4RJHAR7VC558353,2027,Jeep,"Grand Cherokee","Laredo Altitude","At Dealership",DJ27012,2026-09-18,https://www.loufuszchryslerjeepdodge.net/inventory/new-2027-jeep-grand-cherokee-laredo-altitude-4x4-sport-utility-1c4rjhar7vc558353/
"Lou Fusz CDJRF",1C4PJXDN5VW570249,2027,Jeep,Wrangler,Sport,"At Dealership",DJ27011,1969-12-31,https://www.loufuszchryslerjeepdodge.net/inventory/new-2027-jeep-wrangler-sport-4x4-4-door-1c4pjxdn5vw570249/
"Lou Fusz CDJRF",1C6SRFHT6VN558971,2027,RAM,1500,Limited,"At Dealership",DR27036,2026-09-14,https://www.loufuszchryslerjeepdodge.net/inventory/new-2027-ram-1500-limited-4x4-crew-cab-1c6srfht6vn558971/
"Lou Fusz CDJRF",1C6SRFHTXVN594923,2027,RAM,1500,Limited,"At Dealership",DR27039,1969-12-31,https://www.loufuszchryslerjeepdodge.net/inventory/new-2027-ram-1500-limited-4x4-crew-cab-1c6srfhtxvn594923/
"Lou Fusz CDJRF",3C6UR5HJ5VG376799,2027,RAM,2500,Tradesman,"At Dealership",DR27038,1969-12-31,https://www.loufuszchryslerjeepdodge.net/inventory/new-2027-ram-2500-tradesman-4x4-crew-cab-3c6ur5hj5vg376799/
"Lou Fusz CDJRF",3C6LRVVG6VE557667,2027,RAM,"ProMaster Cargo Van",SLT,"At Dealership",DR27037,2026-09-15,https://www.loufuszchryslerjeepdodge.net/inventory/new-2027-ram-promaster-cargo-van-slt-fwd-cargo-van-3c6lrvvg6ve557667/
"Lou Fusz CDJRF",1C4RJHAR3VC558351,2027,Jeep,"Grand Cherokee","Laredo Altitude","At Dealership",DJ27013,2026-09-21,https://www.loufuszchryslerjeepdodge.net/inventory/new-2027-jeep-grand-cherokee-laredo-altitude-4x4-sport-utility-1c4rjhar3vc558351/
"Lou Fusz CDJRF",1C6SRFGT0VN581101,2027,RAM,1500,Tradesman,"At Dealership",DR27040,2026-09-21,https://www.loufuszchryslerjeepdodge.net/inventory/new-2027-ram-1500-tradesman-4x4-crew-cab-1c6srfgt0vn581101/
"Lou Fusz CDJRF",1C6SRFGT2VN581097,2027,RAM,1500,Tradesman,"At Dealership",DR27041,2026-09-25,https://www.loufuszchryslerjeepdodge.net/inventory/new-2027-ram-1500-tradesman-4x4-crew-cab-1c6srfgt2vn581097/
"Lou Fusz CDJRF",1C6SRFGT2VN581102,2027,RAM,1500,Tradesman,"At Dealership",DR27042,2026-09-25,https://www.loufuszchryslerjeepdodge.net/inventory/new-2027-ram-1500-tradesman-4x4-crew-cab-1c6srfgt2vn581102/
"Lou Fusz CDJRF",1C4PJXDG6VW570083,2027,Jeep,Wrangler,"Sport S","At Dealership",DJ27023,1969-12-31,https://www.loufuszchryslerjeepdodge.net/inventory/new-2027-jeep-wrangler-sport-s-4x4-4-door-1c4pjxdg6vw570083/
"Lou Fusz CDJRF",3C7WRNFL2TG361702,2026,RAM,"5500 Chassis Cab",Tradesman,"At Dealership",DR26275,1969-12-31,https://www.loufuszchryslerjeepdodge.net/inventory/new-2026-ram-5500-chassis-cab-tradesman-4x4-crew-cab-3c7wrnfl2tg361702/
"Lou Fusz CDJRF",1C4PJXDGXVW570085,2027,Jeep,Wrangler,"Sport S","At Dealership",DJ27017,1969-12-31,https://www.loufuszchryslerjeepdodge.net/inventory/new-2027-jeep-wrangler-sport-s-4x4-4-door-1c4pjxdgxvw570085/
"Lou Fusz CDJRF",1C4PJXDG8VW570084,2027,Jeep,Wrangler,"Sport S","At Dealership",DJ27015,1969-12-31,https://www.loufuszchryslerjeepdodge.net/inventory/new-2027-jeep-wrangler-sport-s-4x4-4-door-1c4pjxdg8vw570084/
"Lou Fusz CDJRF",1C4RJKAR9V8166300,2027,Jeep,"Grand Cherokee L","Laredo Altitude","At Dealership",DJ27016,2026-09-29,https://www.loufuszchryslerjeepdodge.net/inventory/new-2027-jeep-grand-cherokee-l-laredo-altitude-4x4-sport-utility-1c4rjkar9v8166300/
"Lou Fusz CDJRF",1C6SRFU92VN596062,2027,RAM,1500,"TRX SRT","At Dealership",DR27044,1969-12-31,https://www.loufuszchryslerjeepdodge.net/inventory/new-2027-ram-1500-trx-srt-4x4-crew-cab-1c6srfu92vn596062/
"Lou Fusz CDJRF",1C4RJHBR0VC563862,2027,Jeep,"Grand Cherokee",Limited,"At Dealership",DJ27020,1969-12-31,https://www.loufuszchryslerjeepdodge.net/inventory/new-2027-jeep-grand-cherokee-limited-4x4-sport-utility-1c4rjhbr0vc563862/
"Lou Fusz CDJRF",1C4RJXFG5VW570114,2027,Jeep,Wrangler,"Rubicon X","At Dealership",DJ27019,1969-12-31,https://www.loufuszchryslerjeepdodge.net/inventory/new-2027-jeep-wrangler-rubicon-x-4x4-4-door-1c4rjxfg5vw570114/
"Lou Fusz CDJRF",1C4RJKAR6V8166299,2027,Jeep,"Grand Cherokee L","Laredo Altitude","At Dealership",DJ27018,1969-12-31,https://www.loufuszchryslerjeepdodge.net/inventory/new-2027-jeep-grand-cherokee-l-laredo-altitude-4x4-sport-utility-1c4rjkar6v8166299/
"Lou Fusz CDJRF",3C6LRVDG0TE209040,2026,RAM,ProMaster,Tradesman,"At Dealership",DR26250,2026-08-03,https://www.loufuszchryslerjeepdodge.net/inventory/new-2026-ram-promaster-tradesman-4x2-cargo-van-3c6lrvdg0te209040/
"Lou Fusz CDJRF",3C6LRVDG2TE209038,2026,RAM,ProMaster,"TRADESMAN 2500 HIGH ROOF","At Dealership",DR26251,2026-08-03,https://www.loufuszchryslerjeepdodge.net/inventory/new-2026-ram-promaster-tradesman-2500-high-roof-4x2-cargo-van-3c6lrvdg2te209038/
"Lou Fusz CDJRF",3C4NJDCN8TT292165,2026,Jeep,Compass,"Limited Altitude","At Dealership",DJ26386,2026-08-10,https://www.loufuszchryslerjeepdodge.net/inventory/new-2026-jeep-compass-limited-altitude-4x4-sport-utility-3c4njdcn8tt292165/
"Lou Fusz CDJRF",3C4PJMB28TT276628,2026,Jeep,Cherokee,"LAREDO 4X4","At Dealership",DJ26379,2026-08-11,https://www.loufuszchryslerjeepdodge.net/inventory/new-2026-jeep-cherokee-laredo-4x4-4x4-sport-utility-3c4pjmb28tt276628/
"Lou Fusz CDJRF",1C4RDJDG1TC320150,2026,Dodge,Durango,"GT Plus America 250 Edition","At Dealership",DD26091,2026-08-04,https://www.loufuszchryslerjeepdodge.net/inventory/new-2026-dodge-durango-gt-plus-america-250-edition-awd-sport-utility-1c4rdjdg1tc320150/
"Lou Fusz CDJRF",3C6UR5DL8TG368068,2026,RAM,2500,"Big Horn","At Dealership",DR26253,2026-08-11,https://www.loufuszchryslerjeepdodge.net/inventory/new-2026-ram-2500-big-horn-4x4-crew-cab-3c6ur5dl8tg368068/
"Lou Fusz CDJRF",1C6SRFJT2TN425552,2026,RAM,1500,Laramie,"At Dealership",DR26261,2026-09-24,https://www.loufuszchryslerjeepdodge.net/inventory/new-2026-ram-1500-laramie-4x4-crew-cab-1c6srfjt2tn425552/
"Lou Fusz CDJRF",3C63R3CL1VG375979,2027,RAM,3500,Tradesman,"At Dealership",DR27001,2026-08-05,https://www.loufuszchryslerjeepdodge.net/inventory/new-2027-ram-3500-tradesman-4x4-crew-cab-3c63r3cl1vg375979/
"Lou Fusz CDJRF",3C63R3CL8VG375980,2027,RAM,3500,"TRADESMAN 4X4 CREW CAB 6'","At Dealership",DR27002,2026-08-10,https://www.loufuszchryslerjeepdodge.net/inventory/new-2027-ram-3500-tradesman-4x4-crew-cab-6-4x4-crew-cab-3c63r3cl8vg375980/
"Lou Fusz CDJRF",1C4RDJDG3TC320151,2026,Dodge,Durango,"GT Plus America 250 Edition","At Dealership",DD26096,2026-09-03,https://www.loufuszchryslerjeepdodge.net/inventory/new-2026-dodge-durango-gt-plus-america-250-edition-awd-sport-utility-1c4rdjdg3tc320151/
"Lou Fusz CDJRF",1C6SRFFT1TN409304,2026,RAM,1500,"Big Horn","At Dealership",DR26256,2026-08-22,https://www.loufuszchryslerjeepdodge.net/inventory/new-2026-ram-1500-big-horn-4x4-crew-cab-1c6srfft1tn409304/
"Lou Fusz CDJRF",3C4PJMB2XTT276629,2026,Jeep,Cherokee,Laredo,"At Dealership",DJ26382,2026-08-10,https://www.loufuszchryslerjeepdodge.net/inventory/new-2026-jeep-cherokee-laredo-4x4-sport-utility-3c4pjmb2xtt276629/
"Lou Fusz CDJRF",1C6SRFHP6TN444713,2026,RAM,1500,Limited,"At Dealership",DR26260,2026-08-06,https://www.loufuszchryslerjeepdodge.net/inventory/new-2026-ram-1500-limited-4x4-crew-cab-1c6srfhp6tn444713/
"Lou Fusz CDJRF",1C4RJHBR6TC302541,2026,Jeep,"Grand Cherokee","85th Anniversary Edition","At Dealership",DJ26388,2026-08-10,https://www.loufuszchryslerjeepdodge.net/inventory/new-2026-jeep-grand-cherokee-85th-anniversary-edition-4x4-sport-utility-1c4rjhbr6tc302541/
"Lou Fusz CDJRF",3C4PJMB26TT276627,2026,Jeep,Cherokee,Laredo,"At Dealership",DJ26387,2026-08-20,https://www.loufuszchryslerjeepdodge.net/inventory/new-2026-jeep-cherokee-laredo-4x4-sport-utility-3c4pjmb26tt276627/
"Lou Fusz CDJRF",1C6SRFFT2TN408811,2026,RAM,1500,"Big Horn","At Dealership",DR26257,2026-08-06,https://www.loufuszchryslerjeepdodge.net/inventory/new-2026-ram-1500-big-horn-4x4-crew-cab-1c6srfft2tn408811/
"Lou Fusz CDJRF",1C6SRFGT1TN428904,2026,RAM,1500,Express,"At Dealership",DR26270,2026-08-14,https://www.loufuszchryslerjeepdodge.net/inventory/new-2026-ram-1500-express-4x4-crew-cab-1c6srfgt1tn428904/
"Lou Fusz CDJRF",1C6SRFGT5TN428906,2026,RAM,1500,"TRADESMAN 4X4 CREW CAB 5'","At Dealership",DR26259,2026-08-14,https://www.loufuszchryslerjeepdodge.net/inventory/new-2026-ram-1500-tradesman-4x4-crew-cab-5-4x4-crew-cab-1c6srfgt5tn428906/
"Lou Fusz CDJRF",1C4RJXDG1TW317386,2026,Jeep,Wrangler,Willys,"At Dealership",DJ26401,2026-08-25,https://www.loufuszchryslerjeepdodge.net/inventory/new-2026-jeep-wrangler-willys-4x4-4-door-1c4rjxdg1tw317386/
"Lou Fusz CDJRF",1C4RJXFG4TW317797,2026,Jeep,Wrangler,"Rubicon X","At Dealership",DJ26391,2026-08-22,https://www.loufuszchryslerjeepdodge.net/inventory/new-2026-jeep-wrangler-rubicon-x-4x4-4-door-1c4rjxfg4tw317797/
"Lou Fusz CDJRF",1C4RJXFG8TW318807,2026,Jeep,Wrangler,"RUBICON 4 DOOR 4X4","At Dealership",DJ26393,2026-08-14,https://www.loufuszchryslerjeepdodge.net/inventory/new-2026-jeep-wrangler-rubicon-4-door-4x4-4x4-4-door-1c4rjxfg8tw318807/
"Lou Fusz CDJRF",1C6SRFGT8TN428902,2026,RAM,1500,Express,"At Dealership",DR26264,2026-08-14,https://www.loufuszchryslerjeepdodge.net/inventory/new-2026-ram-1500-express-4x4-crew-cab-1c6srfgt8tn428902/
"Lou Fusz CDJRF",3C7WRNFL2VG374808,2027,RAM,"5500 Chassis Cab",Tradesman,"At Dealership",DR27003,2026-08-20,https://www.loufuszchryslerjeepdodge.net/inventory/new-2027-ram-5500-chassis-cab-tradesman-4x4-crew-cab-3c7wrnfl2vg374808/
"Lou Fusz CDJRF",1C4RJXFGXTW318808,2026,Jeep,Wrangler,"Rubicon X","At Dealership",DJ26397,2026-08-22,https://www.loufuszchryslerjeepdodge.net/inventory/new-2026-jeep-wrangler-rubicon-x-4x4-4-door-1c4rjxfgxtw318808/
"Lou Fusz CDJRF",1C6SRFJT0TN438753,2026,RAM,1500,Laramie,"At Dealership",DR26266,2026-08-25,https://www.loufuszchryslerjeepdodge.net/inventory/new-2026-ram-1500-laramie-4x4-crew-cab-1c6srfjt0tn438753/
"Lou Fusz CDJRF",1C4RJXDG3TW317387,2026,Jeep,Wrangler,Willys,"At Dealership",DJ26405,1969-12-31,https://www.loufuszchryslerjeepdodge.net/inventory/new-2026-jeep-wrangler-willys-4x4-4-door-1c4rjxdg3tw317387/
"Lou Fusz CDJRF",1C4RJXDGXTW318682,2026,Jeep,Wrangler,Willys,"At Dealership",DJ26398,2026-08-22,https://www.loufuszchryslerjeepdodge.net/inventory/new-2026-jeep-wrangler-willys-4x4-4-door-1c4rjxdgxtw318682/
"Lou Fusz CDJRF",3C63R3GJ1VG375974,2027,RAM,3500,Tradesman,"At Dealership",DR27004,2026-08-20,https://www.loufuszchryslerjeepdodge.net/inventory/new-2027-ram-3500-tradesman-4x4-crew-cab-3c63r3gj1vg375974/
"Lou Fusz CDJRF",3C63R3GJ3VG375975,2027,RAM,3500,Tradesman,"At Dealership",DR27005,2026-08-20,https://www.loufuszchryslerjeepdodge.net/inventory/new-2027-ram-3500-tradesman-4x4-crew-cab-3c63r3gj3vg375975/
"Lou Fusz CDJRF",3C63R5CL2VG376800,2027,RAM,2500,Tradesman,"At Dealership",DR27006,2026-08-18,https://www.loufuszchryslerjeepdodge.net/inventory/new-2027-ram-2500-tradesman-4x4-crew-cab-3c63r5cl2vg376800/
"Lou Fusz CDJRF",3C6UR5DL6VG368069,2027,RAM,2500,"Big Horn","At Dealership",DR27007,2026-08-20,https://www.loufuszchryslerjeepdodge.net/inventory/new-2027-ram-2500-big-horn-4x4-crew-cab-3c6ur5dl6vg368069/
"Lou Fusz CDJRF",3C6UR5DLXVG373601,2027,RAM,2500,"Big Horn","At Dealership",DR27008,2026-08-18,https://www.loufuszchryslerjeepdodge.net/inventory/new-2027-ram-2500-big-horn-4x4-crew-cab-3c6ur5dlxvg373601/
"Lou Fusz CDJRF",3C7WRNFL0VG374807,2027,RAM,"5500 Chassis Cab","TRADESMAN 4X4 CREW CAB 84","At Dealership",DR27009,1969-12-31,https://www.loufuszchryslerjeepdodge.net/inventory/new-2027-ram-5500-chassis-cab-tradesman-4x4-crew-cab-84-4x4-crew-cab-3c7wrnfl0vg374807/
"Lou Fusz CDJRF",3C7WRTCL9VG369842,2027,RAM,"3500 Chassis Cab",Tradesman,"At Dealership",DR27010,2026-08-18,https://www.loufuszchryslerjeepdodge.net/inventory/new-2027-ram-3500-chassis-cab-tradesman-4x4-crew-cab-3c7wrtcl9vg369842/
"Lou Fusz CDJRF",3C4RJACK0TT214775,2026,Jeep,Recon,Moab,"At Dealership",DJ26412,1969-12-31,https://www.loufuszchryslerjeepdodge.net/inventory/new-2026-jeep-recon-moab-4x4-sport-utility-3c4rjack0tt214775/
"Lou Fusz CDJRF",3C6LRVCG2TE209042,2026,RAM,ProMaster,Tradesman,"At Dealership",DR26269,2026-08-20,https://www.loufuszchryslerjeepdodge.net/inventory/new-2026-ram-promaster-tradesman-4x2-cargo-van-3c6lrvcg2te209042/
"Lou Fusz CDJRF",1C6SRFHT8VN558972,2027,RAM,1500,Limited,"At Dealership",DR27029,1969-12-31,https://www.loufuszchryslerjeepdodge.net/inventory/new-2027-ram-1500-limited-4x4-crew-cab-1c6srfht8vn558972/
"Lou Fusz CDJRF",3C6LRVCG4TE209043,2026,RAM,ProMaster,Tradesman,"At Dealership",DR26271,2026-08-20,https://www.loufuszchryslerjeepdodge.net/inventory/new-2026-ram-promaster-tradesman-4x2-cargo-van-3c6lrvcg4te209043/
"Lou Fusz CDJRF",1C6SRFHT8VN558969,2027,RAM,1500,Limited,"At Dealership",DR27011,2026-08-20,https://www.loufuszchryslerjeepdodge.net/inventory/new-2027-ram-1500-limited-4x4-crew-cab-1c6srfht8vn558969/
"Lou Fusz CDJRF",1C6SRFHT1VN567867,2027,RAM,1500,Limited,"At Dealership",DR27014,2026-08-20,https://www.loufuszchryslerjeepdodge.net/inventory/new-2027-ram-1500-limited-4x4-crew-cab-1c6srfht1vn567867/
"Lou Fusz CDJRF",1C6SRFHT4VN558970,2027,RAM,1500,Limited,"At Dealership",DR27015,2026-08-18,https://www.loufuszchryslerjeepdodge.net/inventory/new-2027-ram-1500-limited-4x4-crew-cab-1c6srfht4vn558970/
"Lou Fusz CDJRF",3C63R5HL4VG381800,2027,RAM,2500,Tradesman,"At Dealership",DR27013,2026-08-20,https://www.loufuszchryslerjeepdodge.net/inventory/new-2027-ram-2500-tradesman-4x4-crew-cab-3c63r5hl4vg381800/
"Lou Fusz CDJRF",3C63R5HL6VG381801,2027,RAM,2500,Tradesman,"At Dealership",DR27012,2026-08-20,https://www.loufuszchryslerjeepdodge.net/inventory/new-2027-ram-2500-tradesman-4x4-crew-cab-3c63r5hl6vg381801/
"Lou Fusz CDJRF",1C4RJHAR8V8158188,2027,Jeep,"Grand Cherokee","LAREDO ALTITUDE 4X4","At Dealership",DJ27002,2026-09-04,https://www.loufuszchryslerjeepdodge.net/inventory/new-2027-jeep-grand-cherokee-laredo-altitude-4x4-4x4-sport-utility-1c4rjhar8v8158188/
"Lou Fusz CDJRF",1C6SRFHT5VN567869,2027,RAM,1500,Limited,"At Dealership",DR27018,2026-08-28,https://www.loufuszchryslerjeepdodge.net/inventory/new-2027-ram-1500-limited-4x4-crew-cab-1c6srfht5vn567869/
"Lou Fusz CDJRF",3C63R3AL4VG378054,2027,RAM,3500,Tradesman,"At Dealership",DR27016,2026-09-09,https://www.loufuszchryslerjeepdodge.net/inventory/new-2027-ram-3500-tradesman-4x4-regular-cab-3c63r3al4vg378054/
"Lou Fusz CDJRF",1C4RJHARXVC551817,2027,Jeep,"Grand Cherokee","Laredo Altitude","At Dealership",DJ27004,2026-09-14,https://www.loufuszchryslerjeepdodge.net/inventory/new-2027-jeep-grand-cherokee-laredo-altitude-4x4-sport-utility-1c4rjharxvc551817/
"Lou Fusz CDJRF",1C6SRFFT7VN559002,2027,RAM,1500,"BIG HORN 4X4 CREW CAB 5'7","At Dealership",DR27019,2026-08-31,https://www.loufuszchryslerjeepdodge.net/inventory/new-2027-ram-1500-big-horn-4x4-crew-cab-57-4x4-crew-cab-1c6srfft7vn559002/
"Lou Fusz CDJRF",1C6SRFHT1VN567870,2027,RAM,1500,Limited,"At Dealership",DR27020,2026-08-27,https://www.loufuszchryslerjeepdodge.net/inventory/new-2027-ram-1500-limited-4x4-crew-cab-1c6srfht1vn567870/
"Lou Fusz CDJRF",1C6SRFHT3VN567868,2027,RAM,1500,"LIMITED 4X4 CREW CAB 5'7""","At Dealership",DR27021,2026-08-26,https://www.loufuszchryslerjeepdodge.net/inventory/new-2027-ram-1500-limited-4x4-crew-cab-57-4x4-crew-cab-1c6srfht3vn567868/
"Lou Fusz CDJRF",1C4RJHBR6VC583842,2027,Jeep,"Grand Cherokee",Limited,"At Dealership",DJ27024,1969-12-31,https://www.loufuszchryslerjeepdodge.net/inventory/new-2027-jeep-grand-cherokee-limited-4x4-sport-utility-1c4rjhbr6vc583842/
"Lou Fusz CDJRF",1C4RJHBR4VC583841,2027,Jeep,"Grand Cherokee",Limited,"At Dealership",DJ27027,1969-12-31,https://www.loufuszchryslerjeepdodge.net/inventory/new-2027-jeep-grand-cherokee-limited-4x4-sport-utility-1c4rjhbr4vc583841/
"Lou Fusz CDJRF",1C4RJXSJ6VW569524,2027,Jeep,Wrangler,"Willys 392","At Dealership",DJ27025,1969-12-31,https://www.loufuszchryslerjeepdodge.net/inventory/new-2027-jeep-wrangler-willys-392-4x4-4-door-1c4rjxsj6vw569524/
"Lou Fusz CDJRF",1C6SRFGT5VN580851,2027,RAM,1500,Tradesman,"At Dealership",DR27047,1969-12-31,https://www.loufuszchryslerjeepdodge.net/inventory/new-2027-ram-1500-tradesman-4x4-crew-cab-1c6srfgt5vn580851/
"Lou Fusz CDJRF",1C6SRFGT7VN580852,2027,RAM,1500,Tradesman,"At Dealership",DR27048,1969-12-31,https://www.loufuszchryslerjeepdodge.net/inventory/new-2027-ram-1500-tradesman-4x4-crew-cab-1c6srfgt7vn580852/
"Lou Fusz CDJRF",1C6SRFGT9VN579878,2027,RAM,1500,Tradesman,"At Dealership",DR27045,1969-12-31,https://www.loufuszchryslerjeepdodge.net/inventory/new-2027-ram-1500-tradesman-4x4-crew-cab-1c6srfgt9vn579878/
"Lou Fusz CDJRF",1C6SRFGT9VN580853,2027,RAM,1500,Tradesman,"At Dealership",DR27046,1969-12-31,https://www.loufuszchryslerjeepdodge.net/inventory/new-2027-ram-1500-tradesman-4x4-crew-cab-1c6srfgt9vn580853/
"Lou Fusz CDJRF",1C4PJXEG1VW582575,2027,Jeep,Wrangler,Sahara,"At Dealership",DJ27026,1969-12-31,https://www.loufuszchryslerjeepdodge.net/inventory/new-2027-jeep-wrangler-sahara-4x4-4-door-1c4pjxeg1vw582575/
"Lou Fusz CDJRF",1C4PJXEG8VW582573,2027,Jeep,Wrangler,Sahara,"At Dealership",DJ27021,1969-12-31,https://www.loufuszchryslerjeepdodge.net/inventory/new-2027-jeep-wrangler-sahara-4x4-4-door-1c4pjxeg8vw582573/
"Lou Fusz CDJRF",1C4PJXEGXVW582574,2027,Jeep,Wrangler,Sahara,"At Dealership",DJ27022,1969-12-31,https://www.loufuszchryslerjeepdodge.net/inventory/new-2027-jeep-wrangler-sahara-4x4-4-door-1c4pjxegxvw582574/
"Lou Fusz CDJRF",1C4RJHER2V8168113,2027,Jeep,"Grand Cherokee",Summit,"At Dealership",DJ27014,1969-12-31,https://www.loufuszchryslerjeepdodge.net/inventory/new-2027-jeep-grand-cherokee-summit-4x4-sport-utility-1c4rjher2v8168113/
