"Dealership Name",VIN,Year,Make,Model,Trim,"Vehicle Status","Stock Number","Date In stock","VDP URLs"
"Lou Fusz Evansville",JM3KJDHA1S1103006,2025,Mazda,"CX-70 PHEV","Premium Package",,WM250002L,2024-06-05,https://www.fuszevansville.com/inventory/new-2025-mazda-cx-70-phev-premium-package-awd-sport-utility-jm3kjdha1s1103006/
"Lou Fusz Evansville",7MMVAADW3TN144799,2026,Mazda,"CX-50 Hybrid",Premium,,WM260004L,2025-09-26,https://www.fuszevansville.com/inventory/new-2026-mazda-cx-50-hybrid-premium-awd-sport-utility-7mmvaadw3tn144799/
"Lou Fusz Evansville",JM3KKCHA1T1356951,2026,Mazda,"CX-90 PHEV","Premium Sport",,WM260029L,2025-12-09,https://www.fuszevansville.com/inventory/new-2026-mazda-cx-90-phev-premium-sport-awd-sport-utility-jm3kkcha1t1356951/
"Lou Fusz Evansville",7MMVAADW2TN156765,2026,Mazda,"CX-50 Hybrid",Premium,,WM260072,2025-12-31,https://www.fuszevansville.com/inventory/new-2026-mazda-cx-50-hybrid-premium-awd-sport-utility-7mmvaadw2tn156765/
"Lou Fusz Evansville",JM3KJDHD7T1202635,2026,Mazda,CX-70,"3.3 Turbo Premium",,WM260075,2025-12-31,https://www.fuszevansville.com/inventory/new-2026-mazda-cx-70-3-3-turbo-premium-awd-sport-utility-jm3kjdhd7t1202635/
"Lou Fusz Evansville",JM3KKEHD1T1369785,2026,Mazda,CX-90,"Premium Plus",,WM260154,2026-03-02,https://www.fuszevansville.com/inventory/new-2026-mazda-cx-90-premium-plus-awd-sport-utility-jm3kkehd1t1369785/
"Lou Fusz Evansville",JM3KKDHCXT1370211,2026,Mazda,CX-90,"S Premium Sport",,WM260080,2025-12-31,https://www.fuszevansville.com/inventory/new-2026-mazda-cx-90-s-premium-sport-awd-sport-utility-jm3kkdhcxt1370211/
"Lou Fusz Evansville",JM1BPBNY5T1860067,2026,Mazda,"Mazda3 Hatchback","2.5 Turbo Premium Plus",,WM260084L,2025-12-31,https://www.fuszevansville.com/inventory/new-2026-mazda-mazda3-hatchback-2-5-turbo-premium-plus-awd-hatchback-jm1bpbny5t1860067/
"Lou Fusz Evansville",JM3KKEHA2T1371633,2026,Mazda,"CX-90 PHEV","Premium Plus",,WM260083L,2025-12-31,https://www.fuszevansville.com/inventory/new-2026-mazda-cx-90-phev-premium-plus-awd-sport-utility-jm3kkeha2t1371633/
"Lou Fusz Evansville",KNDNC5KA4T6145916,2026,Kia,"Carnival MPV Hybrid",EX,,E678077,2026-02-06,https://www.fuszevansville.com/inventory/new-2026-kia-carnival-mpv-hybrid-ex-fwd-4d-passenger-van-kndnc5ka4t6145916/
"Lou Fusz Evansville",3MVDMBCL9TM126977,2026,Mazda,CX-30,"2.5 S Carbon Edition",,WM260093,2026-02-12,https://www.fuszevansville.com/inventory/new-2026-mazda-cx-30-2-5-s-carbon-edition-awd-sport-utility-3mvdmbcl9tm126977/
"Lou Fusz Evansville",5XYPLES16VG003107,2027,Kia,Telluride,"X-Pro SX-Prestige",,E782004,2026-01-30,https://www.fuszevansville.com/inventory/new-2027-kia-telluride-x-pro-sx-prestige-awd-4d-sport-utility-5xyples16vg003107/
"Lou Fusz Evansville",JM3KKEHC0T1375374,2026,Mazda,CX-90,"S Premium Plus",,WM260100,2026-02-19,https://www.fuszevansville.com/inventory/new-2026-mazda-cx-90-s-premium-plus-awd-sport-utility-jm3kkehc0t1375374/
"Lou Fusz Evansville",7MMVAAEW2TN163777,2026,Mazda,"CX-50 Hybrid","Premium Plus",,WM260126,2026-02-25,https://www.fuszevansville.com/inventory/new-2026-mazda-cx-50-hybrid-premium-plus-awd-sport-utility-7mmvaaew2tn163777/
"Lou Fusz Evansville",5XYK6CDF9TG421317,2026,Kia,Sportage,X-Line,,E670127,2026-03-05,https://www.fuszevansville.com/inventory/new-2026-kia-sportage-x-line-awd-4d-sport-utility-5xyk6cdf9tg421317/
"Lou Fusz Evansville",JM3KJDHCXT1205472,2026,Mazda,CX-70,"3.3 Turbo S Premium",,WM260142,2026-03-16,https://www.fuszevansville.com/inventory/new-2026-mazda-cx-70-3-3-turbo-s-premium-awd-sport-utility-jm3kjdhcxt1205472/
"Lou Fusz Evansville",7MMVAADW5TN165038,2026,Mazda,"CX-50 Hybrid",Premium,,WM260151,2026-03-03,https://www.fuszevansville.com/inventory/new-2026-mazda-cx-50-hybrid-premium-awd-sport-utility-7mmvaadw5tn165038/
"Lou Fusz Evansville",KNDPVDDG9T7363407,2026,Kia,"Sportage Hybrid",EX,,E676041,2026-03-19,https://www.fuszevansville.com/inventory/new-2026-kia-sportage-hybrid-ex-awd-4d-sport-utility-kndpvddg9t7363407/
"Lou Fusz Evansville",3MVDMBDL1TM116166,2026,Mazda,CX-30,"2.5 S Premium",,WM260158L,2026-03-02,https://www.fuszevansville.com/inventory/new-2026-mazda-cx-30-2-5-s-premium-awd-sport-utility-3mvdmbdl1tm116166/
"Lou Fusz Evansville",7MMVAADW8TN161663,2026,Mazda,"CX-50 Hybrid",Premium,,WM260155,2026-03-02,https://www.fuszevansville.com/inventory/new-2026-mazda-cx-50-hybrid-premium-awd-sport-utility-7mmvaadw8tn161663/
"Lou Fusz Evansville",JM3KKCHA8T1378171,2026,Mazda,"CX-90 PHEV","Premium Sport",,WM260162L,2026-03-16,https://www.fuszevansville.com/inventory/new-2026-mazda-cx-90-phev-premium-sport-awd-sport-utility-jm3kkcha8t1378171/
"Lou Fusz Evansville",JM3KKDHCXT1380558,2026,Mazda,CX-90,"S Premium Sport",,WM260163,2026-03-16,https://www.fuszevansville.com/inventory/new-2026-mazda-cx-90-s-premium-sport-awd-sport-utility-jm3kkdhcxt1380558/
"Lou Fusz Evansville",JM3KKDHC9T1380793,2026,Mazda,CX-90,"S Premium Sport",,WM260164,2026-03-16,https://www.fuszevansville.com/inventory/new-2026-mazda-cx-90-s-premium-sport-awd-sport-utility-jm3kkdhc9t1380793/
"Lou Fusz Evansville",7MMVAADW0TN165609,2026,Mazda,"CX-50 Hybrid",Premium,,WM260171L,2026-03-06,https://www.fuszevansville.com/inventory/new-2026-mazda-cx-50-hybrid-premium-awd-sport-utility-7mmvaadw0tn165609/
"Lou Fusz Evansville",KNDNE5K38T6625551,2026,Kia,"Carnival MPV",SX,,E675071,2026-03-24,https://www.fuszevansville.com/inventory/new-2026-kia-carnival-mpv-sx-fwd-4d-passenger-van-kndne5k38t6625551/
"Lou Fusz Evansville",5XYK6CDF4TG423847,2026,Kia,Sportage,X-Line,,E670129,2026-03-13,https://www.fuszevansville.com/inventory/new-2026-kia-sportage-x-line-awd-4d-sport-utility-5xyk6cdf4tg423847/
"Lou Fusz Evansville",KNDNC5K37T6633050,2026,Kia,"Carnival MPV",EX,,E675074,2026-03-27,https://www.fuszevansville.com/inventory/new-2026-kia-carnival-mpv-ex-fwd-4d-passenger-van-kndnc5k37t6633050/
"Lou Fusz Evansville",KNDRHDJG3T5494834,2026,Kia,"Sorento Hybrid",EX,,E684015,2026-08-22,https://www.fuszevansville.com/inventory/new-2026-kia-sorento-hybrid-ex-awd-4dr-sport-utility-kndrhdjg3t5494834/
"Lou Fusz Evansville",5XYK7CDFXTG425342,2026,Kia,Sportage,"X-Pro Prestige",,E670131,2026-03-13,https://www.fuszevansville.com/inventory/new-2026-kia-sportage-x-pro-prestige-awd-4d-sport-utility-5xyk7cdfxtg425342/
"Lou Fusz Evansville",3KPFU4DE6TE311634,2026,Kia,K4,EX,,E674010,2026-03-29,https://www.fuszevansville.com/inventory/new-2026-kia-k4-ex-fwd-4d-sedan-3kpfu4de6te311634/
"Lou Fusz Evansville",5XYK33DF8TG420524,2026,Kia,Sportage,EX,,E670139,2026-03-17,https://www.fuszevansville.com/inventory/new-2026-kia-sportage-ex-fwd-4d-sport-utility-5xyk33df8tg420524/
"Lou Fusz Evansville",JM3KMEHA6T0104088,2026,Mazda,CX-5,"2.5 S Premium Plus",,WM260190,2026-03-30,https://www.fuszevansville.com/inventory/new-2026-mazda-cx-5-2-5-s-premium-plus-awd-sport-utility-jm3kmeha6t0104088/
"Lou Fusz Evansville",KNAG64J75T5482713,2026,Kia,K5,"GT-Line AWD",,E672088,2026-03-27,https://www.fuszevansville.com/inventory/new-2026-kia-k5-gt-line-awd-awd-4d-sedan-knag64j75t5482713/
"Lou Fusz Evansville",JM3KMCHA0T0108559,2026,Mazda,CX-5,"2.5 S Preferred",,WM260202L,2026-04-03,https://www.fuszevansville.com/inventory/new-2026-mazda-cx-5-2-5-s-preferred-awd-sport-utility-jm3kmcha0t0108559/
"Lou Fusz Evansville",JM3KJAHF3T1350944,2026,Mazda,"CX-70 PHEV",SC,,WM260196L,2026-04-08,https://www.fuszevansville.com/inventory/new-2026-mazda-cx-70-phev-sc-awd-sport-utility-jm3kjahf3t1350944/
"Lou Fusz Evansville",JM3KJEHC5T1206325,2026,Mazda,CX-70,"3.3 Turbo S Premium Plus",,WM260204,2026-04-03,https://www.fuszevansville.com/inventory/new-2026-mazda-cx-70-3-3-turbo-s-premium-plus-awd-sport-utility-jm3kjehc5t1206325/
"Lou Fusz Evansville",7MMVAADW0TN167974,2026,Mazda,"CX-50 Hybrid",Premium,,WM260210,2026-03-23,https://www.fuszevansville.com/inventory/new-2026-mazda-cx-50-hybrid-premium-awd-sport-utility-7mmvaadw0tn167974/
"Lou Fusz Evansville",JM3KMCHA8T0109913,2026,Mazda,CX-5,"2.5 S Preferred",,WM260215L,2026-04-08,https://www.fuszevansville.com/inventory/new-2026-mazda-cx-5-2-5-s-preferred-awd-sport-utility-jm3kmcha8t0109913/
"Lou Fusz Evansville",5XYK33DF6TG425639,2026,Kia,Sportage,EX,,E670142,2026-03-25,https://www.fuszevansville.com/inventory/new-2026-kia-sportage-ex-fwd-4d-sport-utility-5xyk33df6tg425639/
"Lou Fusz Evansville",5XYK33DF1TG429470,2026,Kia,Sportage,EX,,E670152,2026-03-29,https://www.fuszevansville.com/inventory/new-2026-kia-sportage-ex-fwd-4d-sport-utility-5xyk33df1tg429470/
"Lou Fusz Evansville",5XYRHDJF0TG464964,2026,Kia,Sorento,"X-Line EX",,E677097,2026-03-29,https://www.fuszevansville.com/inventory/new-2026-kia-sorento-x-line-ex-awd-4d-sport-utility-5xyrhdjf0tg464964/
"Lou Fusz Evansville",KNDNC5KA7T6166596,2026,Kia,"Carnival MPV Hybrid",EX,,E678080,2026-04-10,https://www.fuszevansville.com/inventory/new-2026-kia-carnival-mpv-hybrid-ex-fwd-4d-passenger-van-kndnc5ka7t6166596/
"Lou Fusz Evansville",5XYK33DF2TG431695,2026,Kia,Sportage,EX,,E670157,2026-03-31,https://www.fuszevansville.com/inventory/new-2026-kia-sportage-ex-fwd-4d-sport-utility-5xyk33df2tg431695/
"Lou Fusz Evansville",5XYK33DF6TG426807,2026,Kia,Sportage,EX,,E670156,2026-03-31,https://www.fuszevansville.com/inventory/new-2026-kia-sportage-ex-fwd-4d-sport-utility-5xyk33df6tg426807/
"Lou Fusz Evansville",JM3KKEHC8T1386655,2026,Mazda,CX-90,"S Premium Plus",,WM260225,2026-04-09,https://www.fuszevansville.com/inventory/new-2026-mazda-cx-90-s-premium-plus-awd-sport-utility-jm3kkehc8t1386655/
"Lou Fusz Evansville",JM3KMCHAXT0109251,2026,Mazda,CX-5,"2.5 S Preferred",,WM260226,2026-04-09,https://www.fuszevansville.com/inventory/new-2026-mazda-cx-5-2-5-s-preferred-awd-sport-utility-jm3kmchaxt0109251/
"Lou Fusz Evansville",JM3KMDHA7T0103204,2026,Mazda,CX-5,"2.5 S Premium",,WM260223,2026-04-09,https://www.fuszevansville.com/inventory/new-2026-mazda-cx-5-2-5-s-premium-awd-sport-utility-jm3kmdha7t0103204/
"Lou Fusz Evansville",JM3KJAHF8T1351748,2026,Mazda,"CX-70 PHEV",SC,,WM260234,2026-04-13,https://www.fuszevansville.com/inventory/new-2026-mazda-cx-70-phev-sc-awd-sport-utility-jm3kjahf8t1351748/
"Lou Fusz Evansville",KNDEU2AA3T7950913,2026,Kia,Seltos,S,,E683061,2026-04-10,https://www.fuszevansville.com/inventory/new-2026-kia-seltos-s-fwd-4d-sport-utility-kndeu2aa3t7950913/
"Lou Fusz Evansville",KNDEUCAA5T7953608,2026,Kia,Seltos,S,,E683063,2026-04-12,https://www.fuszevansville.com/inventory/new-2026-kia-seltos-s-awd-4d-sport-utility-kndeucaa5t7953608/
"Lou Fusz Evansville",KNDEUCAA8T7950296,2026,Kia,Seltos,S,,E683065,2026-04-12,https://www.fuszevansville.com/inventory/new-2026-kia-seltos-s-awd-4d-sport-utility-kndeucaa8t7950296/
"Lou Fusz Evansville",KNDNC5KA6T6167321,2026,Kia,"Carnival MPV Hybrid",EX,,E678081,2026-04-10,https://www.fuszevansville.com/inventory/new-2026-kia-carnival-mpv-hybrid-ex-fwd-4d-passenger-van-kndnc5ka6t6167321/
"Lou Fusz Evansville",5XYK33DF7TG419588,2026,Kia,Sportage,EX,,E670164,2026-04-02,https://www.fuszevansville.com/inventory/new-2026-kia-sportage-ex-fwd-4d-sport-utility-5xyk33df7tg419588/
"Lou Fusz Evansville",5XYK6CDF1TG431498,2026,Kia,Sportage,X-Line,,E670158,2026-04-02,https://www.fuszevansville.com/inventory/new-2026-kia-sportage-x-line-awd-4d-sport-utility-5xyk6cdf1tg431498/
"Lou Fusz Evansville",5XYK6CDF3TG432653,2026,Kia,Sportage,X-Line,,E670160,2026-04-02,https://www.fuszevansville.com/inventory/new-2026-kia-sportage-x-line-awd-4d-sport-utility-5xyk6cdf3tg432653/
"Lou Fusz Evansville",5XYK6CDF7TG432252,2026,Kia,Sportage,X-Line,,E670163,2026-04-02,https://www.fuszevansville.com/inventory/new-2026-kia-sportage-x-line-awd-4d-sport-utility-5xyk6cdf7tg432252/
"Lou Fusz Evansville",JM3KKDHC6T1387376,2026,Mazda,CX-90,"S Premium Sport",,WM260259,2026-04-20,https://www.fuszevansville.com/inventory/new-2026-mazda-cx-90-s-premium-sport-awd-sport-utility-jm3kkdhc6t1387376/
"Lou Fusz Evansville",JM3KKDHC9T1387310,2026,Mazda,CX-90,"S Premium Sport",,WM260257,2026-04-22,https://www.fuszevansville.com/inventory/new-2026-mazda-cx-90-s-premium-sport-awd-sport-utility-jm3kkdhc9t1387310/
"Lou Fusz Evansville",JM3KKEHD7T1387496,2026,Mazda,CX-90,"Premium Plus",,WM260262,2026-04-22,https://www.fuszevansville.com/inventory/new-2026-mazda-cx-90-premium-plus-awd-sport-utility-jm3kkehd7t1387496/
"Lou Fusz Evansville",KNDNC5KA9T6166857,2026,Kia,"Carnival MPV Hybrid",EX,,E678082,2026-08-22,https://www.fuszevansville.com/inventory/new-2026-kia-carnival-mpv-hybrid-ex-fwd-minivan-kndnc5ka9t6166857/
"Lou Fusz Evansville",KNDNE5K30T6636933,2026,Kia,"Carnival MPV",SX,,E675078,2026-04-15,https://www.fuszevansville.com/inventory/new-2026-kia-carnival-mpv-sx-fwd-4d-passenger-van-kndne5k30t6636933/
"Lou Fusz Evansville",KNDEUCAA2T7953226,2026,Kia,Seltos,S,,E2683069,2026-04-20,https://www.fuszevansville.com/inventory/new-2026-kia-seltos-s-awd-4d-sport-utility-kndeucaa2t7953226/
"Lou Fusz Evansville",5XYK33DF9TG430690,2026,Kia,Sportage,EX,,E670167,2026-04-04,https://www.fuszevansville.com/inventory/new-2026-kia-sportage-ex-fwd-4d-sport-utility-5xyk33df9tg430690/
"Lou Fusz Evansville",KNDEUCAA7T7950516,2026,Kia,Seltos,S,,E2683074,2026-04-28,https://www.fuszevansville.com/inventory/new-2026-kia-seltos-s-awd-4d-sport-utility-kndeucaa7t7950516/
"Lou Fusz Evansville",KNDNC5KA2T6166943,2026,Kia,"Carnival MPV Hybrid",EX,,E678083,2026-04-16,https://www.fuszevansville.com/inventory/new-2026-kia-carnival-mpv-hybrid-ex-fwd-4d-passenger-van-kndnc5ka2t6166943/
"Lou Fusz Evansville",5XYRHDJF3TG465364,2026,Kia,Sorento,EX,,E677099,2026-04-04,https://www.fuszevansville.com/inventory/new-2026-kia-sorento-ex-awd-4d-sport-utility-5xyrhdjf3tg465364/
"Lou Fusz Evansville",7MMVAAEW1TN169702,2026,Mazda,"CX-50 Hybrid","Premium Plus",,WM260267,2026-04-10,https://www.fuszevansville.com/inventory/new-2026-mazda-cx-50-hybrid-premium-plus-awd-sport-utility-7mmvaaew1tn169702/
"Lou Fusz Evansville",KNDPVDDG9T7382135,2026,Kia,"Sportage Hybrid",EX,,E2676054,2026-04-24,https://www.fuszevansville.com/inventory/new-2026-kia-sportage-hybrid-ex-awd-4d-sport-utility-kndpvddg9t7382135/
"Lou Fusz Evansville",KNAG64J79T5491544,2026,Kia,K5,"GT-Line AWD",,E2672096,2026-08-22,https://www.fuszevansville.com/inventory/new-2026-kia-k5-gt-line-awd-awd-4-door-sedan-knag64j79t5491544/
"Lou Fusz Evansville",KNDCP3LE0T5365741,2026,Kia,Niro,LX,,E2673002,2026-04-20,https://www.fuszevansville.com/inventory/new-2026-kia-niro-lx-fwd-4d-sport-utility-kndcp3le0t5365741/
"Lou Fusz Evansville",KNDEUCAA8T7953408,2026,Kia,Seltos,S,,E2683070,2026-04-20,https://www.fuszevansville.com/inventory/new-2026-kia-seltos-s-awd-4d-sport-utility-kndeucaa8t7953408/
"Lou Fusz Evansville",5XYRL4JC6TG463631,2026,Kia,Sorento,S,,E677103,2026-04-12,https://www.fuszevansville.com/inventory/new-2026-kia-sorento-s-fwd-4d-sport-utility-5xyrl4jc6tg463631/
"Lou Fusz Evansville",5XYRL4JCXTG467083,2026,Kia,Sorento,S,,E677105,2026-04-12,https://www.fuszevansville.com/inventory/new-2026-kia-sorento-s-fwd-4d-sport-utility-5xyrl4jcxtg467083/
"Lou Fusz Evansville",5XYRLDJC3TG466857,2026,Kia,Sorento,S,,E677104,2026-04-12,https://www.fuszevansville.com/inventory/new-2026-kia-sorento-s-awd-4d-sport-utility-5xyrldjc3tg466857/
"Lou Fusz Evansville",5XYK6CDF1TG434613,2026,Kia,Sportage,X-Line,,E670171,2026-04-12,https://www.fuszevansville.com/inventory/new-2026-kia-sportage-x-line-awd-4d-sport-utility-5xyk6cdf1tg434613/
"Lou Fusz Evansville",JM3KMCHA1T0130635,2026,Mazda,CX-5,"2.5 S Preferred",,WM260269,2026-04-30,https://www.fuszevansville.com/inventory/new-2026-mazda-cx-5-2-5-s-preferred-awd-sport-utility-jm3kmcha1t0130635/
"Lou Fusz Evansville",KNAG64J72T5483673,2026,Kia,K5,"GT-Line AWD",,E2672099,2026-04-28,https://www.fuszevansville.com/inventory/new-2026-kia-k5-gt-line-awd-awd-4d-sedan-knag64j72t5483673/
"Lou Fusz Evansville",7MMVABXL7TN494301,2026,Mazda,CX-50,"2.5 S Meridian Edition",,WM260272,2026-04-16,https://www.fuszevansville.com/inventory/new-2026-mazda-cx-50-2-5-s-meridian-edition-awd-sport-utility-7mmvabxl7tn494301/
"Lou Fusz Evansville",JM3KMDHA4T0131106,2026,Mazda,CX-5,"2.5 S Premium",,WM260278L,2026-04-30,https://www.fuszevansville.com/inventory/new-2026-mazda-cx-5-2-5-s-premium-awd-sport-utility-jm3kmdha4t0131106/
"Lou Fusz Evansville",KNAG64J75T5495302,2026,Kia,K5,"GT-Line AWD",,E2672105,2026-05-07,https://www.fuszevansville.com/inventory/new-2026-kia-k5-gt-line-awd-awd-4d-sedan-knag64j75t5495302/
"Lou Fusz Evansville",3KPFT4DE2TE338168,2026,Kia,K4,LXS,,E2674029,2026-05-20,https://www.fuszevansville.com/inventory/new-2026-kia-k4-lxs-fwd-4d-sedan-3kpft4de2te338168/
"Lou Fusz Evansville",5XYK6CDF0TG438457,2026,Kia,Sportage,X-Line,,E2670174,2026-04-28,https://www.fuszevansville.com/inventory/new-2026-kia-sportage-x-line-awd-4d-sport-utility-5xyk6cdf0tg438457/
"Lou Fusz Evansville",7MMVABDL8TN496949,2026,Mazda,CX-50,"2.5 S Premium",,WM260294,2026-04-28,https://www.fuszevansville.com/inventory/new-2026-mazda-cx-50-2-5-s-premium-awd-sport-utility-7mmvabdl8tn496949/
"Lou Fusz Evansville",JM3KMCHA9T0139762,2026,Mazda,CX-5,"2.5 S Preferred",,WM260298,2026-05-05,https://www.fuszevansville.com/inventory/new-2026-mazda-cx-5-2-5-s-preferred-awd-sport-utility-jm3kmcha9t0139762/
"Lou Fusz Evansville",JM3KMCHAXT0138216,2026,Mazda,CX-5,"2.5 S Preferred",,WM260304,2026-05-21,https://www.fuszevansville.com/inventory/new-2026-mazda-cx-5-2-5-s-preferred-awd-sport-utility-jm3kmchaxt0138216/
"Lou Fusz Evansville",KNDNC5KA5T6167536,2026,Kia,"Carnival MPV Hybrid",EX,,E2678089,2026-05-11,https://www.fuszevansville.com/inventory/new-2026-kia-carnival-mpv-hybrid-ex-fwd-4d-passenger-van-kndnc5ka5t6167536/
"Lou Fusz Evansville",3KPFW4DE2TE322737,2026,Kia,K4,GT-Line,,E2674023,2026-05-01,https://www.fuszevansville.com/inventory/new-2026-kia-k4-gt-line-fwd-4d-sedan-3kpfw4de2te322737/
"Lou Fusz Evansville",5XYK33DF4TG440544,2026,Kia,Sportage,EX,,E2670179,2026-05-03,https://www.fuszevansville.com/inventory/new-2026-kia-sportage-ex-fwd-4d-sport-utility-5xyk33df4tg440544/
"Lou Fusz Evansville",5XYK6CDF2TG440906,2026,Kia,Sportage,X-Line,,E2670178,2026-05-03,https://www.fuszevansville.com/inventory/new-2026-kia-sportage-x-line-awd-4d-sport-utility-5xyk6cdf2tg440906/
"Lou Fusz Evansville",5XYRHDJF4TG469276,2026,Kia,Sorento,"X-Line EX",,E2677110,2026-05-04,https://www.fuszevansville.com/inventory/new-2026-kia-sorento-x-line-ex-awd-4d-sport-utility-5xyrhdjf4tg469276/
"Lou Fusz Evansville",JM3KMCHA4T0137207,2026,Mazda,CX-5,"2.5 S Preferred",,WM260309,2026-05-26,https://www.fuszevansville.com/inventory/new-2026-mazda-cx-5-2-5-s-preferred-awd-sport-utility-jm3kmcha4t0137207/
"Lou Fusz Evansville",JM3KMCHA9T0136859,2026,Mazda,CX-5,"2.5 S Preferred",,WM260307,2026-05-26,https://www.fuszevansville.com/inventory/new-2026-mazda-cx-5-2-5-s-preferred-awd-sport-utility-jm3kmcha9t0136859/
"Lou Fusz Evansville",JM3KMEHA7T0135608,2026,Mazda,CX-5,"2.5 S Premium Plus",,WM260306,2026-05-05,https://www.fuszevansville.com/inventory/new-2026-mazda-cx-5-2-5-s-premium-plus-awd-sport-utility-jm3kmeha7t0135608/
"Lou Fusz Evansville",7MMVABBLXTN498754,2026,Mazda,CX-50,"2.5 S Preferred",,WM260316,2026-05-05,https://www.fuszevansville.com/inventory/new-2026-mazda-cx-50-2-5-s-preferred-awd-sport-utility-7mmvabblxtn498754/
"Lou Fusz Evansville",KNDNC5KA1T6178615,2026,Kia,"Carnival MPV Hybrid",EX,,E2678091,2026-05-19,https://www.fuszevansville.com/inventory/new-2026-kia-carnival-mpv-hybrid-ex-fwd-4d-passenger-van-kndnc5ka1t6178615/
"Lou Fusz Evansville",5XYK6CDF5TG437319,2026,Kia,Sportage,X-Line,,E2670184,2026-05-08,https://www.fuszevansville.com/inventory/new-2026-kia-sportage-x-line-awd-4d-sport-utility-5xyk6cdf5tg437319/
"Lou Fusz Evansville",5XYK6CDF6TG441363,2026,Kia,Sportage,X-Line,,E2670183,2026-05-08,https://www.fuszevansville.com/inventory/new-2026-kia-sportage-x-line-awd-4d-sport-utility-5xyk6cdf6tg441363/
"Lou Fusz Evansville",5XYPDES19VG031416,2027,Kia,Telluride,"X-Pro SX",,E2782042,2026-05-08,https://www.fuszevansville.com/inventory/new-2027-kia-telluride-x-pro-sx-awd-4d-sport-utility-5xypdes19vg031416/
"Lou Fusz Evansville",JM3KMCHA8T0150428,2026,Mazda,CX-5,"2.5 S Preferred",,WM260321,2026-05-26,https://www.fuszevansville.com/inventory/new-2026-mazda-cx-5-2-5-s-preferred-awd-sport-utility-jm3kmcha8t0150428/
"Lou Fusz Evansville",JM3KMDHA7T0137241,2026,Mazda,CX-5,"2.5 S Premium",,WM260319,2026-05-26,https://www.fuszevansville.com/inventory/new-2026-mazda-cx-5-2-5-s-premium-awd-sport-utility-jm3kmdha7t0137241/
"Lou Fusz Evansville",KNDCP3LE3T5370447,2026,Kia,Niro,LX,,E2673007,2026-05-21,https://www.fuszevansville.com/inventory/new-2026-kia-niro-lx-fwd-4d-sport-utility-kndcp3le3t5370447/
"Lou Fusz Evansville",KNDNC5K33T6639301,2026,Kia,"Carnival MPV",EX,,E2675083,2026-05-19,https://www.fuszevansville.com/inventory/new-2026-kia-carnival-mpv-ex-fwd-4d-passenger-van-kndnc5k33t6639301/
"Lou Fusz Evansville",3KPFU5DE2TE344118,2026,Kia,K4,GT-Line,,E2686008,2026-05-29,https://www.fuszevansville.com/inventory/new-2026-kia-k4-gt-line-fwd-4d-hatchback-3kpfu5de2te344118/
"Lou Fusz Evansville",KNDNC5K38T6634708,2026,Kia,"Carnival MPV",EX,,E2675086,2026-05-23,https://www.fuszevansville.com/inventory/new-2026-kia-carnival-mpv-ex-fwd-4d-passenger-van-kndnc5k38t6634708/
"Lou Fusz Evansville",KNAG64J75T5502054,2026,Kia,K5,"GT-Line AWD",,E2672122,2026-05-26,https://www.fuszevansville.com/inventory/new-2026-kia-k5-gt-line-awd-awd-4d-sedan-knag64j75t5502054/
"Lou Fusz Evansville",KNAG64J77T5489162,2026,Kia,K5,"GT-Line FWD",,E2672115,2026-05-21,https://www.fuszevansville.com/inventory/new-2026-kia-k5-gt-line-fwd-fwd-4d-sedan-knag64j77t5489162/
"Lou Fusz Evansville",KNAG64J77T5492918,2026,Kia,K5,"GT-Line AWD",,E2672114,2026-05-21,https://www.fuszevansville.com/inventory/new-2026-kia-k5-gt-line-awd-awd-4d-sedan-knag64j77t5492918/
"Lou Fusz Evansville",KNAG64J78T5502551,2026,Kia,K5,"GT-Line AWD",,E2672118,2026-05-23,https://www.fuszevansville.com/inventory/new-2026-kia-k5-gt-line-awd-awd-4d-sedan-knag64j78t5502551/
"Lou Fusz Evansville",KNAG64J79T5500968,2026,Kia,K5,"GT-Line AWD",,E2672120,2026-05-23,https://www.fuszevansville.com/inventory/new-2026-kia-k5-gt-line-awd-awd-4d-sedan-knag64j79t5500968/
"Lou Fusz Evansville",3KPFU5DE5TE348535,2026,Kia,K4,GT-Line,,E2686006,2026-05-29,https://www.fuszevansville.com/inventory/new-2026-kia-k4-gt-line-fwd-4d-hatchback-3kpfu5de5te348535/
"Lou Fusz Evansville",KNAG64J7XT5502387,2026,Kia,K5,"GT-Line AWD",,E2672121,2026-05-26,https://www.fuszevansville.com/inventory/new-2026-kia-k5-gt-line-awd-awd-4d-sedan-knag64j7xt5502387/
"Lou Fusz Evansville",KNDPVDDG0T7405074,2026,Kia,"Sportage Hybrid",EX,,E2676061,2026-05-26,https://www.fuszevansville.com/inventory/new-2026-kia-sportage-hybrid-ex-awd-4d-sport-utility-kndpvddg0t7405074/
"Lou Fusz Evansville",KNDCP3LE2T5375803,2026,Kia,Niro,LX,,E2673008,2026-05-26,https://www.fuszevansville.com/inventory/new-2026-kia-niro-lx-fwd-4d-sport-utility-kndcp3le2t5375803/
"Lou Fusz Evansville",KNAG64J7XT5503099,2026,Kia,K5,"GT-Line AWD",,E2672124,2026-05-26,https://www.fuszevansville.com/inventory/new-2026-kia-k5-gt-line-awd-awd-4d-sedan-knag64j7xt5503099/
"Lou Fusz Evansville",5XYK6CDF9TG445018,2026,Kia,Sportage,X-Line,,E2670186,2026-05-17,https://www.fuszevansville.com/inventory/new-2026-kia-sportage-x-line-awd-4d-sport-utility-5xyk6cdf9tg445018/
"Lou Fusz Evansville",5XYPLES11VG031705,2027,Kia,Telluride,"X-Line SX-Prestige",,E2782047,2026-05-17,https://www.fuszevansville.com/inventory/new-2027-kia-telluride-x-line-sx-prestige-awd-4d-sport-utility-5xyples11vg031705/
"Lou Fusz Evansville",JM3KMCHA4T0154749,2026,Mazda,CX-5,"2.5 S Preferred",,WM260325,2026-06-02,https://www.fuszevansville.com/inventory/new-2026-mazda-cx-5-2-5-s-preferred-awd-sport-utility-jm3kmcha4t0154749/
"Lou Fusz Evansville",JM3KMEHA6T0154229,2026,Mazda,CX-5,"2.5 S Premium Plus",,WM260329,2026-06-11,https://www.fuszevansville.com/inventory/new-2026-mazda-cx-5-2-5-s-premium-plus-awd-sport-utility-jm3kmeha6t0154229/
"Lou Fusz Evansville",JM3KMEHAXT0154993,2026,Mazda,CX-5,"2.5 S Premium Plus",,WM260326,2026-06-02,https://www.fuszevansville.com/inventory/new-2026-mazda-cx-5-2-5-s-premium-plus-awd-sport-utility-jm3kmehaxt0154993/
"Lou Fusz Evansville",5XYRHDJF7TG473113,2026,Kia,Sorento,"X-Line EX",,E2677119,2026-05-20,https://www.fuszevansville.com/inventory/new-2026-kia-sorento-x-line-ex-awd-4d-sport-utility-5xyrhdjf7tg473113/
"Lou Fusz Evansville",5XYRKDJF4TG470154,2026,Kia,Sorento,"X-Line SX Prestige",,E2677115,2026-05-20,https://www.fuszevansville.com/inventory/new-2026-kia-sorento-x-line-sx-prestige-awd-4d-sport-utility-5xyrkdjf4tg470154/
"Lou Fusz Evansville",7MMVABBL7TN602648,2026,Mazda,CX-50,"2.5 S Preferred",,WM260340L,2026-05-26,https://www.fuszevansville.com/inventory/new-2026-mazda-cx-50-2-5-s-preferred-awd-sport-utility-7mmvabbl7tn602648/
"Lou Fusz Evansville",7MMVABCY8TN604127,2026,Mazda,CX-50,"2.5 Turbo",,WM260342,2026-05-26,https://www.fuszevansville.com/inventory/new-2026-mazda-cx-50-2-5-turbo-awd-sport-utility-7mmvabcy8tn604127/
"Lou Fusz Evansville",5XYRLDJC5TG474927,2026,Kia,Sorento,S,,E2677121,2026-05-26,https://www.fuszevansville.com/inventory/new-2026-kia-sorento-s-awd-4d-sport-utility-5xyrldjc5tg474927/
"Lou Fusz Evansville",5XYK33DFXTG446512,2026,Kia,Sportage,EX,,E2670190,2026-05-26,https://www.fuszevansville.com/inventory/new-2026-kia-sportage-ex-fwd-4d-sport-utility-5xyk33dfxtg446512/
"Lou Fusz Evansville",5XYK3CDF7TG446970,2026,Kia,Sportage,EX,,E2670192,2026-05-26,https://www.fuszevansville.com/inventory/new-2026-kia-sportage-ex-awd-4d-sport-utility-5xyk3cdf7tg446970/
"Lou Fusz Evansville",5XYK33DF3TG448859,2026,Kia,Sportage,EX,,E2670193,2026-05-27,https://www.fuszevansville.com/inventory/new-2026-kia-sportage-ex-fwd-4d-sport-utility-5xyk33df3tg448859/
"Lou Fusz Evansville",5XYRL4JC5TG475267,2026,Kia,Sorento,S,,E2677123,2026-05-27,https://www.fuszevansville.com/inventory/new-2026-kia-sorento-s-fwd-4d-sport-utility-5xyrl4jc5tg475267/
"Lou Fusz Evansville",5XYRLDJCXTG472610,2026,Kia,Sorento,S,,E2677124,2026-05-27,https://www.fuszevansville.com/inventory/new-2026-kia-sorento-s-awd-4d-sport-utility-5xyrldjcxtg472610/
"Lou Fusz Evansville",JM3KKEHC4T1396843,2026,Mazda,CX-90,"S Premium Plus",,WM260348,2026-06-11,https://www.fuszevansville.com/inventory/new-2026-mazda-cx-90-s-premium-plus-awd-sport-utility-jm3kkehc4t1396843/
"Lou Fusz Evansville",JM3KMCHA5T0150953,2026,Mazda,CX-5,"2.5 S Preferred",,WM260347,2026-06-11,https://www.fuszevansville.com/inventory/new-2026-mazda-cx-5-2-5-s-preferred-awd-sport-utility-jm3kmcha5t0150953/
"Lou Fusz Evansville",KNDNB5K30T6649092,2026,Kia,"Carnival MPV",LXS,,E2675092,2026-06-08,https://www.fuszevansville.com/inventory/new-2026-kia-carnival-mpv-lxs-fwd-4d-passenger-van-kndnb5k30t6649092/
"Lou Fusz Evansville",KNDNB5K35T6648584,2026,Kia,"Carnival MPV",LXS,,E2675089,2026-06-04,https://www.fuszevansville.com/inventory/new-2026-kia-carnival-mpv-lxs-fwd-4d-passenger-van-kndnb5k35t6648584/
"Lou Fusz Evansville",KNDNC5K34T6643406,2026,Kia,"Carnival MPV",EX,,E2675093,2026-06-08,https://www.fuszevansville.com/inventory/new-2026-kia-carnival-mpv-ex-fwd-4d-passenger-van-kndnc5k34t6643406/
"Lou Fusz Evansville",KNAG64J72T5502321,2026,Kia,K5,"GT-Line AWD",,E2672128,2026-06-04,https://www.fuszevansville.com/inventory/new-2026-kia-k5-gt-line-awd-awd-4d-sedan-knag64j72t5502321/
"Lou Fusz Evansville",5XYRL4JC1TG476724,2026,Kia,Sorento,S,,E2677128,2026-05-29,https://www.fuszevansville.com/inventory/new-2026-kia-sorento-s-fwd-4d-sport-utility-5xyrl4jc1tg476724/
"Lou Fusz Evansville",5XYRL4JC3TG457088,2026,Kia,Sorento,S,,E2677126,2026-05-29,https://www.fuszevansville.com/inventory/new-2026-kia-sorento-s-fwd-4d-sport-utility-5xyrl4jc3tg457088/
"Lou Fusz Evansville",5XYRLDJC1TG472740,2026,Kia,Sorento,S,,E2677127,2026-05-29,https://www.fuszevansville.com/inventory/new-2026-kia-sorento-s-awd-4d-sport-utility-5xyrldjc1tg472740/
"Lou Fusz Evansville",5XYPDES14VG034997,2027,Kia,Telluride,"X-Pro SX",,E2782054,2026-05-29,https://www.fuszevansville.com/inventory/new-2027-kia-telluride-x-pro-sx-awd-4d-sport-utility-5xypdes14vg034997/
"Lou Fusz Evansville",KNDNC5KAXT6184705,2026,Kia,"Carnival MPV Hybrid",EX,,E2678098,2026-06-12,https://www.fuszevansville.com/inventory/new-2026-kia-carnival-mpv-hybrid-ex-fwd-4d-passenger-van-kndnc5kaxt6184705/
"Lou Fusz Evansville",KNDNE5K36T6650321,2026,Kia,"Carnival MPV","SX Prestige",,E2675097,2026-06-11,https://www.fuszevansville.com/inventory/new-2026-kia-carnival-mpv-sx-prestige-fwd-4d-passenger-van-kndne5k36t6650321/
"Lou Fusz Evansville",KNDCP3LE5T5376895,2026,Kia,Niro,LX,,E2673009,2026-06-12,https://www.fuszevansville.com/inventory/new-2026-kia-niro-lx-fwd-4d-sport-utility-kndcp3le5t5376895/
"Lou Fusz Evansville",KNDNE5KA1T6182755,2026,Kia,"Carnival MPV Hybrid","SX Prestige",,E2678099,2026-06-15,https://www.fuszevansville.com/inventory/new-2026-kia-carnival-mpv-hybrid-sx-prestige-fwd-4d-passenger-van-kndne5ka1t6182755/
"Lou Fusz Evansville",KNDNE5KA1T6184084,2026,Kia,"Carnival MPV Hybrid","SX Prestige",,E2678096,2026-06-12,https://www.fuszevansville.com/inventory/new-2026-kia-carnival-mpv-hybrid-sx-prestige-fwd-4d-passenger-van-kndne5ka1t6184084/
"Lou Fusz Evansville",KNDNB5K39T6648183,2026,Kia,"Carnival MPV",LXS,,E2675098,2026-06-12,https://www.fuszevansville.com/inventory/new-2026-kia-carnival-mpv-lxs-fwd-4d-passenger-van-kndnb5k39t6648183/
"Lou Fusz Evansville",KNDNC5K37T6648955,2026,Kia,"Carnival MPV",EX,,E2675094,2026-06-08,https://www.fuszevansville.com/inventory/new-2026-kia-carnival-mpv-ex-fwd-4d-passenger-van-kndnc5k37t6648955/
"Lou Fusz Evansville",KNDNC5K3XT6642857,2026,Kia,"Carnival MPV",EX,,E2675099,2026-06-12,https://www.fuszevansville.com/inventory/new-2026-kia-carnival-mpv-ex-fwd-4d-passenger-van-kndnc5k3xt6642857/
"Lou Fusz Evansville",5XYK33DF7TG447620,2026,Kia,Sportage,EX,,E2670197,2026-05-30,https://www.fuszevansville.com/inventory/new-2026-kia-sportage-ex-fwd-4d-sport-utility-5xyk33df7tg447620/
"Lou Fusz Evansville",5XYPLES12VG035181,2027,Kia,Telluride,"X-Pro SX-Prestige",,E2782055,2026-05-30,https://www.fuszevansville.com/inventory/new-2027-kia-telluride-x-pro-sx-prestige-awd-4d-sport-utility-5xyples12vg035181/
"Lou Fusz Evansville",KNDEL3D35V7011092,2027,Kia,Seltos,S,,E2783002,2026-06-12,https://www.fuszevansville.com/inventory/new-2027-kia-seltos-s-fwd-4d-sport-utility-kndel3d35v7011092/
"Lou Fusz Evansville",3KPFW4DE6TE352310,2026,Kia,K4,GT-Line,,E2674036,2026-08-22,https://www.fuszevansville.com/inventory/new-2026-kia-k4-gt-line-fwd-4-door-sedan-3kpfw4de6te352310/
"Lou Fusz Evansville",KNDNC5K30T6643421,2026,Kia,"Carnival MPV",EX,,E2675100,2026-06-15,https://www.fuszevansville.com/inventory/new-2026-kia-carnival-mpv-ex-fwd-4d-passenger-van-kndnc5k30t6643421/
"Lou Fusz Evansville",JM3KKBHD8T1396383,2026,Mazda,CX-90,Preferred,,WM260352,2026-06-16,https://www.fuszevansville.com/inventory/new-2026-mazda-cx-90-preferred-awd-sport-utility-jm3kkbhd8t1396383/
"Lou Fusz Evansville",7MMVAABW7TN177436,2026,Mazda,"CX-50 Hybrid",Preferred,,WM260360,2026-07-16,https://www.fuszevansville.com/inventory/new-2026-mazda-cx-50-hybrid-preferred-awd-sport-utility-7mmvaabw7tn177436/
"Lou Fusz Evansville",JM3KMCHA0T0155185,2026,Mazda,CX-5,"2.5 S Preferred",,WM260354,2026-06-11,https://www.fuszevansville.com/inventory/new-2026-mazda-cx-5-2-5-s-preferred-awd-sport-utility-jm3kmcha0t0155185/
"Lou Fusz Evansville",JM3KMCHA6T0155143,2026,Mazda,CX-5,"2.5 S Preferred",,WM260355,2026-06-11,https://www.fuszevansville.com/inventory/new-2026-mazda-cx-5-2-5-s-preferred-awd-sport-utility-jm3kmcha6t0155143/
"Lou Fusz Evansville",JM3KMCHA8T0157332,2026,Mazda,CX-5,"2.5 S Preferred",,WM260356,2026-06-16,https://www.fuszevansville.com/inventory/new-2026-mazda-cx-5-2-5-s-preferred-awd-sport-utility-jm3kmcha8t0157332/
"Lou Fusz Evansville",7MMVABCY2TN604642,2026,Mazda,CX-50,"2.5 Turbo",,WM260359,2026-07-13,https://www.fuszevansville.com/inventory/new-2026-mazda-cx-50-2-5-turbo-awd-sport-utility-7mmvabcy2tn604642/
"Lou Fusz Evansville",JM3KMEHAXT0156887,2026,Mazda,CX-5,"2.5 S Premium Plus",,WM260358,2026-06-16,https://www.fuszevansville.com/inventory/new-2026-mazda-cx-5-2-5-s-premium-plus-awd-sport-utility-jm3kmehaxt0156887/
"Lou Fusz Evansville",KNAG64J71T5510183,2026,Kia,K5,"GT-Line AWD",,E2672130,2026-06-12,https://www.fuszevansville.com/inventory/new-2026-kia-k5-gt-line-awd-awd-4d-sedan-knag64j71t5510183/
"Lou Fusz Evansville",KNAG64J75T5510199,2026,Kia,K5,"GT-Line AWD",,E2672131,2026-06-17,https://www.fuszevansville.com/inventory/new-2026-kia-k5-gt-line-awd-awd-4d-sedan-knag64j75t5510199/
"Lou Fusz Evansville",7MMVAABW3TN177532,2026,Mazda,"CX-50 Hybrid",Preferred,,WM260363,2026-07-13,https://www.fuszevansville.com/inventory/new-2026-mazda-cx-50-hybrid-preferred-awd-sport-utility-7mmvaabw3tn177532/
"Lou Fusz Evansville",JM3KKEHD0T1397299,2026,Mazda,CX-90,"Premium Plus",,WM260367,2026-06-29,https://www.fuszevansville.com/inventory/new-2026-mazda-cx-90-premium-plus-awd-sport-utility-jm3kkehd0t1397299/
"Lou Fusz Evansville",JM3KMCHA5T0158325,2026,Mazda,CX-5,"2.5 S Preferred",,WM260365,2026-06-29,https://www.fuszevansville.com/inventory/new-2026-mazda-cx-5-2-5-s-preferred-awd-sport-utility-jm3kmcha5t0158325/
"Lou Fusz Evansville",JM3KMDHA2T0158644,2026,Mazda,CX-5,"2.5 S Premium",,WM260366,2026-06-29,https://www.fuszevansville.com/inventory/new-2026-mazda-cx-5-2-5-s-premium-awd-sport-utility-jm3kmdha2t0158644/
"Lou Fusz Evansville",KNAG64J78T5508883,2026,Kia,K5,"GT-Line FWD",,E2672133,2026-06-17,https://www.fuszevansville.com/inventory/new-2026-kia-k5-gt-line-fwd-fwd-4d-sedan-knag64j78t5508883/
"Lou Fusz Evansville",KNDNC5K35T6648825,2026,Kia,"Carnival MPV",EX,,E2675102,2026-06-25,https://www.fuszevansville.com/inventory/new-2026-kia-carnival-mpv-ex-fwd-4d-passenger-van-kndnc5k35t6648825/
"Lou Fusz Evansville",KNDNC5K39T6648908,2026,Kia,"Carnival MPV",EX,,E2675103,2026-06-25,https://www.fuszevansville.com/inventory/new-2026-kia-carnival-mpv-ex-fwd-4d-passenger-van-kndnc5k39t6648908/
"Lou Fusz Evansville",KNAG64J78T5508866,2026,Kia,K5,"GT-Line FWD",,E2672132,2026-06-17,https://www.fuszevansville.com/inventory/new-2026-kia-k5-gt-line-fwd-fwd-4d-sedan-knag64j78t5508866/
"Lou Fusz Evansville",KNDCP3LE8T5379225,2026,Kia,Niro,LX,,E2673010,2026-06-17,https://www.fuszevansville.com/inventory/new-2026-kia-niro-lx-fwd-4d-sport-utility-kndcp3le8t5379225/
"Lou Fusz Evansville",3KPFW4DC9TE361209,2026,Kia,K4,"GT-Line Turbo",,E2674038,2026-07-07,https://www.fuszevansville.com/inventory/new-2026-kia-k4-gt-line-turbo-fwd-4d-sedan-3kpfw4dc9te361209/
"Lou Fusz Evansville",KNDNC5K30T6650336,2026,Kia,"Carnival MPV",EX,,E2675104,2026-07-01,https://www.fuszevansville.com/inventory/new-2026-kia-carnival-mpv-ex-fwd-4d-passenger-van-kndnc5k30t6650336/
"Lou Fusz Evansville",5XYK33DF6TG453621,2026,Kia,Sportage,EX,,E2670202,2026-06-09,https://www.fuszevansville.com/inventory/new-2026-kia-sportage-ex-fwd-4d-sport-utility-5xyk33df6tg453621/
"Lou Fusz Evansville",5XYK33DF8TG452910,2026,Kia,Sportage,EX,,E2670203,2026-06-09,https://www.fuszevansville.com/inventory/new-2026-kia-sportage-ex-fwd-4d-sport-utility-5xyk33df8tg452910/
"Lou Fusz Evansville",5XYRL4JC4TG477429,2026,Kia,Sorento,S,,E2677132,2026-06-09,https://www.fuszevansville.com/inventory/new-2026-kia-sorento-s-fwd-4d-sport-utility-5xyrl4jc4tg477429/
"Lou Fusz Evansville",5XYRLDJC6TG472894,2026,Kia,Sorento,S,,E2677131,2026-06-09,https://www.fuszevansville.com/inventory/new-2026-kia-sorento-s-awd-4d-sport-utility-5xyrldjc6tg472894/
"Lou Fusz Evansville",5XYPLES19VG036120,2027,Kia,Telluride,"X-Pro SX-Prestige",,E2782058,2026-06-09,https://www.fuszevansville.com/inventory/new-2027-kia-telluride-x-pro-sx-prestige-awd-4d-sport-utility-5xyples19vg036120/
"Lou Fusz Evansville",7MMVABEY2TN608090,2026,Mazda,CX-50,"2.5 Turbo Premium Plus",,WM260369,2026-06-12,https://www.fuszevansville.com/inventory/new-2026-mazda-cx-50-2-5-turbo-premium-plus-awd-sport-utility-7mmvabey2tn608090/
"Lou Fusz Evansville",5XYRL4JC5TG477505,2026,Kia,Sorento,S,,E2677133,2026-06-13,https://www.fuszevansville.com/inventory/new-2026-kia-sorento-s-fwd-4d-sport-utility-5xyrl4jc5tg477505/
"Lou Fusz Evansville",5XYRL4JC8TG478230,2026,Kia,Sorento,S,,E2677134,2026-06-13,https://www.fuszevansville.com/inventory/new-2026-kia-sorento-s-fwd-4d-sport-utility-5xyrl4jc8tg478230/
"Lou Fusz Evansville",3KPFU5DE7TE367300,2026,Kia,K4,GT-Line,,E2686010,2026-07-07,https://www.fuszevansville.com/inventory/new-2026-kia-k4-gt-line-fwd-4d-hatchback-3kpfu5de7te367300/
"Lou Fusz Evansville",3KPFU5DE9TE367217,2026,Kia,K4,GT-Line,,E2686009,2026-07-07,https://www.fuszevansville.com/inventory/new-2026-kia-k4-gt-line-fwd-4d-hatchback-3kpfu5de9te367217/
"Lou Fusz Evansville",5XYPDESA8VG028863,2027,Kia,"Telluride Hybrid","X-Line SX",,E2779040,2026-06-13,https://www.fuszevansville.com/inventory/new-2027-kia-telluride-hybrid-x-line-sx-awd-4d-sport-utility-5xypdesa8vg028863/
"Lou Fusz Evansville",KNDEECD76V7026150,2027,Kia,Seltos,"X-Line SX",,E2783004,2026-06-25,https://www.fuszevansville.com/inventory/new-2027-kia-seltos-x-line-sx-awd-4d-sport-utility-kndeecd76v7026150/
"Lou Fusz Evansville",5XYPLES16VG035779,2027,Kia,Telluride,"X-Pro SX-Prestige",,E2782060,2026-06-13,https://www.fuszevansville.com/inventory/new-2027-kia-telluride-x-pro-sx-prestige-awd-4d-sport-utility-5xyples16vg035779/
"Lou Fusz Evansville",KNAG64J79T5513395,2026,Kia,K5,"GT-Line FWD",,E2672137,2026-06-29,https://www.fuszevansville.com/inventory/new-2026-kia-k5-gt-line-fwd-fwd-4d-sedan-knag64j79t5513395/
"Lou Fusz Evansville",KNAG64J79T5513543,2026,Kia,K5,"GT-Line FWD",,E2672136,2026-06-29,https://www.fuszevansville.com/inventory/new-2026-kia-k5-gt-line-fwd-fwd-4d-sedan-knag64j79t5513543/
"Lou Fusz Evansville",JM1NDAD76T0705994,2026,Mazda,"MX-5 Miata","Grand Touring",,WM260375,2026-07-03,https://www.fuszevansville.com/inventory/new-2026-mazda-mx-5-miata-grand-touring-rwd-convertible-jm1ndad76t0705994/
"Lou Fusz Evansville",5XYK3CDF3TG457075,2026,Kia,Sportage,EX,,E2670205,2026-06-16,https://www.fuszevansville.com/inventory/new-2026-kia-sportage-ex-awd-4d-sport-utility-5xyk3cdf3tg457075/
"Lou Fusz Evansville",5XYRLDJC3TG480189,2026,Kia,Sorento,S,,E2677135,2026-06-16,https://www.fuszevansville.com/inventory/new-2026-kia-sorento-s-awd-4d-sport-utility-5xyrldjc3tg480189/
"Lou Fusz Evansville",KNAG64J75T5513006,2026,Kia,K5,"GT-Line AWD",,E2672140,2026-06-29,https://www.fuszevansville.com/inventory/new-2026-kia-k5-gt-line-awd-awd-4d-sedan-knag64j75t5513006/
"Lou Fusz Evansville",KNAG64J78T5512240,2026,Kia,K5,"GT-Line AWD",,E2672139,2026-06-29,https://www.fuszevansville.com/inventory/new-2026-kia-k5-gt-line-awd-awd-4d-sedan-knag64j78t5512240/
"Lou Fusz Evansville",KNAG64J72T5512430,2026,Kia,K5,"GT-Line AWD",,E2672145,2026-07-01,https://www.fuszevansville.com/inventory/new-2026-kia-k5-gt-line-awd-awd-4d-sedan-knag64j72t5512430/
"Lou Fusz Evansville",KNAG64J77T5510432,2026,Kia,K5,"GT-Line AWD",,E2672147,2026-07-01,https://www.fuszevansville.com/inventory/new-2026-kia-k5-gt-line-awd-awd-4d-sedan-knag64j77t5510432/
"Lou Fusz Evansville",KNAG64J72T5510712,2026,Kia,K5,"GT-Line FWD",,E2672144,2026-07-01,https://www.fuszevansville.com/inventory/new-2026-kia-k5-gt-line-fwd-fwd-4d-sedan-knag64j72t5510712/
"Lou Fusz Evansville",7MMVAADW0TN180160,2026,Mazda,"CX-50 Hybrid",Premium,,WM260380,2026-06-25,https://www.fuszevansville.com/inventory/new-2026-mazda-cx-50-hybrid-premium-awd-sport-utility-7mmvaadw0tn180160/
"Lou Fusz Evansville",3KPFU5DE0TE371771,2026,Kia,K4,GT-Line,,E2686011,2026-07-07,https://www.fuszevansville.com/inventory/new-2026-kia-k4-gt-line-fwd-4d-hatchback-3kpfu5de0te371771/
"Lou Fusz Evansville",KNAG64J76T5508431,2026,Kia,K5,"GT-Line FWD",,E2672148,2026-07-01,https://www.fuszevansville.com/inventory/new-2026-kia-k5-gt-line-fwd-fwd-4d-sedan-knag64j76t5508431/
"Lou Fusz Evansville",KNAG64J76T5510079,2026,Kia,K5,"GT-Line FWD",,E2672141,2026-06-29,https://www.fuszevansville.com/inventory/new-2026-kia-k5-gt-line-fwd-fwd-4d-sedan-knag64j76t5510079/
"Lou Fusz Evansville",KNAG64J78T5509841,2026,Kia,K5,"GT-Line FWD",,E2672149,2026-07-01,https://www.fuszevansville.com/inventory/new-2026-kia-k5-gt-line-fwd-fwd-4d-sedan-knag64j78t5509841/
"Lou Fusz Evansville",KNAG64J70T5511051,2026,Kia,K5,"GT-Line AWD",,E2672146,2026-07-01,https://www.fuszevansville.com/inventory/new-2026-kia-k5-gt-line-awd-awd-4d-sedan-knag64j70t5511051/
"Lou Fusz Evansville",KNAG64J74T5510081,2026,Kia,K5,"GT-Line FWD",,E2672138,2026-06-29,https://www.fuszevansville.com/inventory/new-2026-kia-k5-gt-line-fwd-fwd-4d-sedan-knag64j74t5510081/
"Lou Fusz Evansville",KNAG64J75T5508081,2026,Kia,K5,"GT-Line FWD",,E2672135,2026-06-29,https://www.fuszevansville.com/inventory/new-2026-kia-k5-gt-line-fwd-fwd-4d-sedan-knag64j75t5508081/
"Lou Fusz Evansville",KNAG64J79T5510514,2026,Kia,K5,"GT-Line FWD",,E2672150,2026-07-03,https://www.fuszevansville.com/inventory/new-2026-kia-k5-gt-line-fwd-fwd-4d-sedan-knag64j79t5510514/
"Lou Fusz Evansville",3KPFT4DE5TE373982,2026,Kia,K4,LXS,,E2674042,2026-07-07,https://www.fuszevansville.com/inventory/new-2026-kia-k4-lxs-fwd-4d-sedan-3kpft4de5te373982/
"Lou Fusz Evansville",KNDEECD74V7029841,2027,Kia,Seltos,"X-Line SX",,E2783011,2026-07-03,https://www.fuszevansville.com/inventory/new-2027-kia-seltos-x-line-sx-awd-4d-sport-utility-kndeecd74v7029841/
"Lou Fusz Evansville",KNAG64J76T5510714,2026,Kia,K5,"GT-Line FWD",,E2672142,2026-07-01,https://www.fuszevansville.com/inventory/new-2026-kia-k5-gt-line-fwd-fwd-4d-sedan-knag64j76t5510714/
"Lou Fusz Evansville",KNAG64J77T5515100,2026,Kia,K5,"GT-Line AWD",,E2672151,2026-07-09,https://www.fuszevansville.com/inventory/new-2026-kia-k5-gt-line-awd-awd-4d-sedan-knag64j77t5515100/
"Lou Fusz Evansville",JM3KMDHA9T0170595,2026,Mazda,CX-5,"2.5 S Premium",,WM260387,2026-07-22,https://www.fuszevansville.com/inventory/new-2026-mazda-cx-5-2-5-s-premium-awd-sport-utility-jm3kmdha9t0170595/
"Lou Fusz Evansville",3KPFT4DE1TE377012,2026,Kia,K4,LXS,,E2674045,2026-07-16,https://www.fuszevansville.com/inventory/new-2026-kia-k4-lxs-fwd-4d-sedan-3kpft4de1te377012/
"Lou Fusz Evansville",KNDECCD33V7027629,2027,Kia,Seltos,EX,,E2783013,2026-07-09,https://www.fuszevansville.com/inventory/new-2027-kia-seltos-ex-awd-4d-sport-utility-kndeccd33v7027629/
"Lou Fusz Evansville",3KPFT4DE6TE376843,2026,Kia,K4,LXS,,E2674044,2026-07-16,https://www.fuszevansville.com/inventory/new-2026-kia-k4-lxs-fwd-4d-sedan-3kpft4de6te376843/
"Lou Fusz Evansville",KNDEDCD38V7030040,2027,Kia,Seltos,"X-Line S",,E2783012,2026-07-09,https://www.fuszevansville.com/inventory/new-2027-kia-seltos-x-line-s-awd-4d-sport-utility-kndedcd38v7030040/
"Lou Fusz Evansville",KNDPVCDF7T7528713,2026,Kia,Sportage,EX,,E2670216,2026-07-10,https://www.fuszevansville.com/inventory/new-2026-kia-sportage-ex-awd-4d-sport-utility-kndpvcdf7t7528713/
"Lou Fusz Evansville",KNDRHDJG7T5535692,2026,Kia,"Sorento Hybrid",EX,,E2684025,2026-07-10,https://www.fuszevansville.com/inventory/new-2026-kia-sorento-hybrid-ex-awd-4d-sport-utility-kndrhdjg7t5535692/
"Lou Fusz Evansville",KNAG64J77T5514514,2026,Kia,K5,"GT-Line FWD",,E2672152,2026-07-09,https://www.fuszevansville.com/inventory/new-2026-kia-k5-gt-line-fwd-fwd-4d-sedan-knag64j77t5514514/
"Lou Fusz Evansville",3KPFU5DE8TE377902,2026,Kia,K4,GT-Line,,E2686012,2026-07-16,https://www.fuszevansville.com/inventory/new-2026-kia-k4-gt-line-fwd-4d-hatchback-3kpfu5de8te377902/
"Lou Fusz Evansville",KNAG64J73T5516745,2026,Kia,K5,"GT-Line FWD",,E2672157,2026-07-13,https://www.fuszevansville.com/inventory/new-2026-kia-k5-gt-line-fwd-fwd-4d-sedan-knag64j73t5516745/
"Lou Fusz Evansville",KNDRHDJG1T5486599,2026,Kia,"Sorento Hybrid",EX,,E2684026,2026-07-10,https://www.fuszevansville.com/inventory/new-2026-kia-sorento-hybrid-ex-awd-4d-sport-utility-kndrhdjg1t5486599/
"Lou Fusz Evansville",KNAG64J74T5514521,2026,Kia,K5,"GT-Line FWD",,E2672153,2026-07-10,https://www.fuszevansville.com/inventory/new-2026-kia-k5-gt-line-fwd-fwd-4d-sedan-knag64j74t5514521/
"Lou Fusz Evansville",KNAG64J76T5514522,2026,Kia,K5,"GT-Line FWD",,E2672154,2026-07-10,https://www.fuszevansville.com/inventory/new-2026-kia-k5-gt-line-fwd-fwd-4d-sedan-knag64j76t5514522/
"Lou Fusz Evansville",KNAG64J7XT5516774,2026,Kia,K5,"GT-Line FWD",,E2672159,2026-07-13,https://www.fuszevansville.com/inventory/new-2026-kia-k5-gt-line-fwd-fwd-4d-sedan-knag64j7xt5516774/
"Lou Fusz Evansville",KNAG64J74T5509559,2026,Kia,K5,"GT-Line FWD",,E2672158,2026-07-13,https://www.fuszevansville.com/inventory/new-2026-kia-k5-gt-line-fwd-fwd-4d-sedan-knag64j74t5509559/
"Lou Fusz Evansville",5XYK33DF3TG459487,2026,Kia,Sportage,EX,,E2670211,2026-06-29,https://www.fuszevansville.com/inventory/new-2026-kia-sportage-ex-fwd-4d-sport-utility-5xyk33df3tg459487/
"Lou Fusz Evansville",5XYK33DF8TG454026,2026,Kia,Sportage,EX,,E2670209,2026-06-29,https://www.fuszevansville.com/inventory/new-2026-kia-sportage-ex-fwd-4d-sport-utility-5xyk33df8tg454026/
"Lou Fusz Evansville",5XYK43DFXTG458740,2026,Kia,Sportage,SX,,E2670210,2026-06-29,https://www.fuszevansville.com/inventory/new-2026-kia-sportage-sx-fwd-4d-sport-utility-5xyk43dfxtg458740/
"Lou Fusz Evansville",5XYK33DF0TG457258,2026,Kia,Sportage,EX,,E2670206,2026-06-29,https://www.fuszevansville.com/inventory/new-2026-kia-sportage-ex-fwd-4d-sport-utility-5xyk33df0tg457258/
"Lou Fusz Evansville",5XYK33DF0TG457390,2026,Kia,Sportage,EX,,E2670207,2026-06-29,https://www.fuszevansville.com/inventory/new-2026-kia-sportage-ex-fwd-4d-sport-utility-5xyk33df0tg457390/
"Lou Fusz Evansville",5XYK6CDF8TG447469,2026,Kia,Sportage,X-Line,,E2670208,2026-06-29,https://www.fuszevansville.com/inventory/new-2026-kia-sportage-x-line-awd-4d-sport-utility-5xyk6cdf8tg447469/
"Lou Fusz Evansville",3KPFU4DEXTE379161,2026,Kia,K4,EX,,E2674047,2026-07-16,https://www.fuszevansville.com/inventory/new-2026-kia-k4-ex-fwd-4d-sedan-3kpfu4dexte379161/
"Lou Fusz Evansville",3KPFU5DE9TE379125,2026,Kia,K4,GT-Line,,E2686013,2026-07-16,https://www.fuszevansville.com/inventory/new-2026-kia-k4-gt-line-fwd-4d-hatchback-3kpfu5de9te379125/
"Lou Fusz Evansville",3KPFW4DE5TE378672,2026,Kia,K4,GT-Line,,E2674043,2026-07-07,https://www.fuszevansville.com/inventory/new-2026-kia-k4-gt-line-fwd-4d-sedan-3kpfw4de5te378672/
"Lou Fusz Evansville",JM3KMCHA6T0171505,2026,Mazda,CX-5,"2.5 S Preferred",,WM260390,2026-08-03,https://www.fuszevansville.com/inventory/new-2026-mazda-cx-5-2-5-s-preferred-awd-sport-utility-jm3kmcha6t0171505/
"Lou Fusz Evansville",KNDEECD73V7032407,2027,Kia,Seltos,"X-Line SX",,E2783017,2026-07-16,https://www.fuszevansville.com/inventory/new-2027-kia-seltos-x-line-sx-awd-4d-sport-utility-kndeecd73v7032407/
"Lou Fusz Evansville",KNAG64J79T5514563,2026,Kia,K5,"GT-Line FWD",,E2672156,2026-07-13,https://www.fuszevansville.com/inventory/new-2026-kia-k5-gt-line-fwd-fwd-4d-sedan-knag64j79t5514563/
"Lou Fusz Evansville",7MMVAADW1TN150293,2026,Mazda,"CX-50 Hybrid",Premium,,WM260391,2026-07-02,https://www.fuszevansville.com/inventory/new-2026-mazda-cx-50-hybrid-premium-awd-sport-utility-7mmvaadw1tn150293/
"Lou Fusz Evansville",5XYRL4JC4TG455608,2026,Kia,Sorento,S,,E2677136,2026-07-03,https://www.fuszevansville.com/inventory/new-2026-kia-sorento-s-fwd-4d-sport-utility-5xyrl4jc4tg455608/
"Lou Fusz Evansville",5XYRLDJC1TG482068,2026,Kia,Sorento,S,,E2677137,2026-07-03,https://www.fuszevansville.com/inventory/new-2026-kia-sorento-s-awd-4d-sport-utility-5xyrldjc1tg482068/
"Lou Fusz Evansville",3KPFT4DE5TE380950,2026,Kia,K4,LX,,E2674048,2026-07-16,https://www.fuszevansville.com/inventory/new-2026-kia-k4-lx-fwd-4d-sedan-3kpft4de5te380950/
"Lou Fusz Evansville",5XYPDESA5VG033308,2027,Kia,"Telluride Hybrid","X-Line SX",,E2779044,2026-07-03,https://www.fuszevansville.com/inventory/new-2027-kia-telluride-hybrid-x-line-sx-awd-4d-sport-utility-5xypdesa5vg033308/
"Lou Fusz Evansville",3KPFU5DE1TE380771,2026,Kia,K4,GT-Line,,E2686014,2026-07-16,https://www.fuszevansville.com/inventory/new-2026-kia-k4-gt-line-fwd-4d-hatchback-3kpfu5de1te380771/
"Lou Fusz Evansville",3KPFT4DEXTE381723,2026,Kia,K4,LXS,,E2674050,2026-07-30,https://www.fuszevansville.com/inventory/new-2026-kia-k4-lxs-fwd-4d-sedan-3kpft4dexte381723/
"Lou Fusz Evansville",KNDPV3DG4V7424241,2027,Kia,"Sportage Hybrid",EX,,E2776002,2026-07-22,https://www.fuszevansville.com/inventory/new-2027-kia-sportage-hybrid-ex-fwd-4d-sport-utility-kndpv3dg4v7424241/
"Lou Fusz Evansville",5XYK33DF6TG461556,2026,Kia,Sportage,EX,,E2670215,2026-07-08,https://www.fuszevansville.com/inventory/new-2026-kia-sportage-ex-fwd-4d-sport-utility-5xyk33df6tg461556/
"Lou Fusz Evansville",7MMVAABW6TN169831,2026,Mazda,"CX-50 Hybrid",Preferred,,WM260393,2026-07-08,https://www.fuszevansville.com/inventory/new-2026-mazda-cx-50-hybrid-preferred-awd-sport-utility-7mmvaabw6tn169831/
"Lou Fusz Evansville",5XYK6CDF6TG461371,2026,Kia,Sportage,X-Line,,E2670214,2026-07-08,https://www.fuszevansville.com/inventory/new-2026-kia-sportage-x-line-awd-4d-sport-utility-5xyk6cdf6tg461371/
"Lou Fusz Evansville",5XYRL4JC9TG479225,2026,Kia,Sorento,S,,E2677139,2026-08-22,https://www.fuszevansville.com/inventory/new-2026-kia-sorento-s-fwd-4dr-sport-utility-5xyrl4jc9tg479225/
"Lou Fusz Evansville",7MMVABCY5TN452758,2026,Mazda,CX-50,"2.5 Turbo",,WM260397,2026-07-09,https://www.fuszevansville.com/inventory/new-2026-mazda-cx-50-2-5-turbo-awd-sport-utility-7mmvabcy5tn452758/
"Lou Fusz Evansville",KNDPV3DG6V7418523,2027,Kia,"Sportage Hybrid",EX,,E2776004,2026-07-24,https://www.fuszevansville.com/inventory/new-2027-kia-sportage-hybrid-ex-fwd-4d-sport-utility-kndpv3dg6v7418523/
"Lou Fusz Evansville",KNDEDCD37V5011183,2027,Kia,Seltos,"X-Line S",,E2783019,2026-07-29,https://www.fuszevansville.com/inventory/new-2027-kia-seltos-x-line-s-awd-4d-sport-utility-kndedcd37v5011183/
"Lou Fusz Evansville",KNDECCD38V7025648,2027,Kia,Seltos,EX,,E2783016,2026-08-22,https://www.fuszevansville.com/inventory/new-2027-kia-seltos-ex-awd-5dr-sport-utility-kndeccd38v7025648/
"Lou Fusz Evansville",5XYRL4JC5TG479755,2026,Kia,Sorento,S,,E2677142,2026-07-11,https://www.fuszevansville.com/inventory/new-2026-kia-sorento-s-fwd-4d-sport-utility-5xyrl4jc5tg479755/
"Lou Fusz Evansville",5XYRLDJCXTG483980,2026,Kia,Sorento,S,,E2677143,2026-07-11,https://www.fuszevansville.com/inventory/new-2026-kia-sorento-s-awd-4d-sport-utility-5xyrldjcxtg483980/
"Lou Fusz Evansville",KNAG64J78T5520998,2026,Kia,K5,"GT-Line FWD",,E2672160,2026-07-22,https://www.fuszevansville.com/inventory/new-2026-kia-k5-gt-line-fwd-fwd-4d-sedan-knag64j78t5520998/
"Lou Fusz Evansville",5XYK3CDF0TG459379,2026,Kia,Sportage,EX,,E2670217,2026-07-11,https://www.fuszevansville.com/inventory/new-2026-kia-sportage-ex-awd-4d-sport-utility-5xyk3cdf0tg459379/
"Lou Fusz Evansville",KNDPVDDG3V7412491,2027,Kia,"Sportage Hybrid",X-Line,,E2776007,2026-07-29,https://www.fuszevansville.com/inventory/new-2027-kia-sportage-hybrid-x-line-awd-4d-sport-utility-kndpvddg3v7412491/
"Lou Fusz Evansville",KNAG64J70T5520963,2026,Kia,K5,"GT-Line FWD",,E2672162,2026-07-24,https://www.fuszevansville.com/inventory/new-2026-kia-k5-gt-line-fwd-fwd-4d-sedan-knag64j70t5520963/
"Lou Fusz Evansville",KNAG64J72T5518132,2026,Kia,K5,"GT-Line FWD",,E2672161,2026-07-24,https://www.fuszevansville.com/inventory/new-2026-kia-k5-gt-line-fwd-fwd-4d-sedan-knag64j72t5518132/
"Lou Fusz Evansville",5XYRL4JC0TG478464,2026,Kia,Sorento,S,,E2677140,2026-07-11,https://www.fuszevansville.com/inventory/new-2026-kia-sorento-s-fwd-4d-sport-utility-5xyrl4jc0tg478464/
"Lou Fusz Evansville",5XYRL4JC4TG478967,2026,Kia,Sorento,S,,E2677141,2026-07-11,https://www.fuszevansville.com/inventory/new-2026-kia-sorento-s-fwd-4d-sport-utility-5xyrl4jc4tg478967/
"Lou Fusz Evansville",KNDEDCD31V7034494,2027,Kia,Seltos,"X-Line S",,E2783020,2026-08-08,https://www.fuszevansville.com/inventory/new-2027-kia-seltos-x-line-s-awd-4d-sport-utility-kndedcd31v7034494/
"Lou Fusz Evansville",KNDEDCD35V7036555,2027,Kia,Seltos,"X-Line S",,E2783027,2026-08-18,https://www.fuszevansville.com/inventory/new-2027-kia-seltos-x-line-s-awd-4d-sport-utility-kndedcd35v7036555/
"Lou Fusz Evansville",5XYK6CDF6TG462715,2026,Kia,Sportage,X-Line,,E2670218,2026-07-13,https://www.fuszevansville.com/inventory/new-2026-kia-sportage-x-line-awd-4d-sport-utility-5xyk6cdf6tg462715/
"Lou Fusz Evansville",KNDRKDJG5T5542688,2026,Kia,"Sorento Hybrid","X-Line SX Prestige AWD",,E2684032,2026-08-22,https://www.fuszevansville.com/inventory/new-2026-kia-sorento-hybrid-x-line-sx-prestige-awd-awd-4dr-sport-utility-kndrkdjg5t5542688/
"Lou Fusz Evansville",KNAG64J71T5521037,2026,Kia,K5,"GT-Line FWD",,E2672164,2026-07-29,https://www.fuszevansville.com/inventory/new-2026-kia-k5-gt-line-fwd-fwd-4d-sedan-knag64j71t5521037/
"Lou Fusz Evansville",5XYPLES18VG042068,2027,Kia,Telluride,"X-Pro SX-Prestige",,E2782069,2026-07-13,https://www.fuszevansville.com/inventory/new-2027-kia-telluride-x-pro-sx-prestige-awd-4d-sport-utility-5xyples18vg042068/
"Lou Fusz Evansville",5XYPLESA6VG036236,2027,Kia,"Telluride Hybrid","X-Line SX-Prestige",,E2779051,2026-07-13,https://www.fuszevansville.com/inventory/new-2027-kia-telluride-hybrid-x-line-sx-prestige-awd-4d-sport-utility-5xyplesa6vg036236/
"Lou Fusz Evansville",JM3KKEHD5T1362483,2026,Mazda,CX-90,"Premium Plus",,WM260398,2026-07-10,https://www.fuszevansville.com/inventory/new-2026-mazda-cx-90-premium-plus-awd-sport-utility-jm3kkehd5t1362483/
"Lou Fusz Evansville",7MMVAADW9TN183445,2026,Mazda,"CX-50 Hybrid",Premium,,WM260399,2026-07-13,https://www.fuszevansville.com/inventory/new-2026-mazda-cx-50-hybrid-premium-awd-sport-utility-7mmvaadw9tn183445/
"Lou Fusz Evansville",7MMVABEY5TN614126,2026,Mazda,CX-50,"2.5 Turbo Premium Plus",,WM260400,2026-07-13,https://www.fuszevansville.com/inventory/new-2026-mazda-cx-50-2-5-turbo-premium-plus-awd-sport-utility-7mmvabey5tn614126/
"Lou Fusz Evansville",5XYK5CDF0TG437277,2026,Kia,Sportage,SX-Prestige,,E2670219,2026-07-14,https://www.fuszevansville.com/inventory/new-2026-kia-sportage-sx-prestige-awd-4d-sport-utility-5xyk5cdf0tg437277/
"Lou Fusz Evansville",KNAG64J72T5521175,2026,Kia,K5,"GT-Line FWD",,E2672163,2026-07-29,https://www.fuszevansville.com/inventory/new-2026-kia-k5-gt-line-fwd-fwd-4d-sedan-knag64j72t5521175/
"Lou Fusz Evansville",5XYRL4JC4TG484221,2026,Kia,Sorento,S,,E2677144,2026-07-14,https://www.fuszevansville.com/inventory/new-2026-kia-sorento-s-fwd-4d-sport-utility-5xyrl4jc4tg484221/
"Lou Fusz Evansville",JM3KMEHA9T0174569,2026,Mazda,CX-5,"2.5 S Premium Plus",,WM260403,2026-07-22,https://www.fuszevansville.com/inventory/new-2026-mazda-cx-5-2-5-s-premium-plus-awd-sport-utility-jm3kmeha9t0174569/
"Lou Fusz Evansville",JM3KMCHA4T0179912,2026,Mazda,CX-5,"2.5 S Preferred",,WM260409,2026-07-23,https://www.fuszevansville.com/inventory/new-2026-mazda-cx-5-2-5-s-preferred-awd-sport-utility-jm3kmcha4t0179912/
"Lou Fusz Evansville",JM3KKCHD5T1403909,2026,Mazda,CX-90,"Premium Sport",,WM260411,2026-07-22,https://www.fuszevansville.com/inventory/new-2026-mazda-cx-90-premium-sport-awd-sport-utility-jm3kkchd5t1403909/
"Lou Fusz Evansville",KNDRKDJG6T5539931,2026,Kia,"Sorento Hybrid","X-Line SX Prestige AWD",,E2684031,2026-08-22,https://www.fuszevansville.com/inventory/new-2026-kia-sorento-hybrid-x-line-sx-prestige-awd-awd-4dr-sport-utility-kndrkdjg6t5539931/
"Lou Fusz Evansville",KNAG64J74T5510694,2026,Kia,K5,"GT-Line FWD",,E2672170,2026-08-18,https://www.fuszevansville.com/inventory/new-2026-kia-k5-gt-line-fwd-fwd-4d-sedan-knag64j74t5510694/
"Lou Fusz Evansville",7MMVAABW2TN184004,2026,Mazda,"CX-50 Hybrid",Preferred,,WM260415,2026-07-16,https://www.fuszevansville.com/inventory/new-2026-mazda-cx-50-hybrid-preferred-awd-sport-utility-7mmvaabw2tn184004/
"Lou Fusz Evansville",5XYK53DF8TG464436,2026,Kia,Sportage,SX-Prestige,,E2670220,2026-07-17,https://www.fuszevansville.com/inventory/new-2026-kia-sportage-sx-prestige-fwd-4d-sport-utility-5xyk53df8tg464436/
"Lou Fusz Evansville",5XYPLESA4VG037613,2027,Kia,"Telluride Hybrid","X-Line SX-Prestige",,E2779053,2026-07-17,https://www.fuszevansville.com/inventory/new-2027-kia-telluride-hybrid-x-line-sx-prestige-awd-4d-sport-utility-5xyplesa4vg037613/
"Lou Fusz Evansville",JM3KKBHDXT1405715,2026,Mazda,CX-90,Preferred,,WM260418,2026-07-23,https://www.fuszevansville.com/inventory/new-2026-mazda-cx-90-preferred-awd-sport-utility-jm3kkbhdxt1405715/
"Lou Fusz Evansville",JM3KMCHA0T0180314,2026,Mazda,CX-5,"2.5 S Preferred",,WM260417,2026-07-23,https://www.fuszevansville.com/inventory/new-2026-mazda-cx-5-2-5-s-preferred-awd-sport-utility-jm3kmcha0t0180314/
"Lou Fusz Evansville",KNDRH4JG8T5542294,2026,Kia,"Sorento Hybrid",EX,,E2684033,2026-08-18,https://www.fuszevansville.com/inventory/new-2026-kia-sorento-hybrid-ex-fwd-4d-sport-utility-kndrh4jg8t5542294/
"Lou Fusz Evansville",KNAG64J78T5521536,2026,Kia,K5,"GT-Line FWD",,E2672169,2026-08-18,https://www.fuszevansville.com/inventory/new-2026-kia-k5-gt-line-fwd-fwd-4d-sedan-knag64j78t5521536/
"Lou Fusz Evansville",3KPFU5DE7TE375042,2026,Kia,K4,GT-Line,,E2686015,2026-08-18,https://www.fuszevansville.com/inventory/new-2026-kia-k4-gt-line-fwd-4d-hatchback-3kpfu5de7te375042/
"Lou Fusz Evansville",3KPFW4DE5TE385394,2026,Kia,K4,GT-Line,,E2674051,2026-07-30,https://www.fuszevansville.com/inventory/new-2026-kia-k4-gt-line-fwd-4d-sedan-3kpfw4de5te385394/
"Lou Fusz Evansville",3KPFW4DEXTE386816,2026,Kia,K4,GT-Line,,E2674052,2026-07-30,https://www.fuszevansville.com/inventory/new-2026-kia-k4-gt-line-fwd-4d-sedan-3kpfw4dexte386816/
"Lou Fusz Evansville",KNDEDCD39V5010665,2027,Kia,Seltos,"X-Line S",,E2783024,2026-08-11,https://www.fuszevansville.com/inventory/new-2027-kia-seltos-x-line-s-awd-4d-sport-utility-kndedcd39v5010665/
"Lou Fusz Evansville",KNDECCD31V7036698,2027,Kia,Seltos,EX,,E2783021,2026-08-08,https://www.fuszevansville.com/inventory/new-2027-kia-seltos-ex-awd-4d-sport-utility-kndeccd31v7036698/
"Lou Fusz Evansville",7MMVABXY6TN611247,2026,Mazda,CX-50,"2.5 Turbo Meridian Edition",,WM260419,2026-07-20,https://www.fuszevansville.com/inventory/new-2026-mazda-cx-50-2-5-turbo-meridian-edition-awd-sport-utility-7mmvabxy6tn611247/
"Lou Fusz Evansville",5XYPCES18VG039302,2027,Kia,Telluride,"X-Line EX",,E2782071,2021-01-01,https://www.fuszevansville.com/inventory/new-2027-kia-telluride-x-line-ex-awd-sport-utility-5xypces18vg039302/
"Lou Fusz Evansville",7MMVAABW1TN183197,2026,Mazda,"CX-50 Hybrid",Preferred,,WM260420,2026-07-20,https://www.fuszevansville.com/inventory/new-2026-mazda-cx-50-hybrid-preferred-awd-sport-utility-7mmvaabw1tn183197/
"Lou Fusz Evansville",JM3KKEHD3T1403760,2026,Mazda,CX-90,"Premium Plus",,WM260421,2026-08-03,https://www.fuszevansville.com/inventory/new-2026-mazda-cx-90-premium-plus-awd-sport-utility-jm3kkehd3t1403760/
"Lou Fusz Evansville",3MVDMBCL2TM221218,2026,Mazda,CX-30,"2.5 S Preferred",,WM260422,2026-08-03,https://www.fuszevansville.com/inventory/new-2026-mazda-cx-30-2-5-s-preferred-awd-sport-utility-3mvdmbcl2tm221218/
"Lou Fusz Evansville",7MMVAADW5TN180350,2026,Mazda,"CX-50 Hybrid",Premium,,WM260423,2026-07-21,https://www.fuszevansville.com/inventory/new-2026-mazda-cx-50-hybrid-premium-awd-sport-utility-7mmvaadw5tn180350/
"Lou Fusz Evansville",KNDRH4JG7T5542299,2026,Kia,"Sorento Hybrid",EX,,E2684030,2026-08-08,https://www.fuszevansville.com/inventory/new-2026-kia-sorento-hybrid-ex-fwd-4d-sport-utility-kndrh4jg7t5542299/
"Lou Fusz Evansville",KNDNE5K30V6656327,2027,Kia,Carnival,"SX Prestige",,E2775002,2026-08-14,https://www.fuszevansville.com/inventory/new-2027-kia-carnival-sx-prestige-fwd-4d-passenger-van-kndne5k30v6656327/
"Lou Fusz Evansville",KNDNE5K33V6652854,2027,Kia,Carnival,"SX Prestige",,E2775003,2026-08-18,https://www.fuszevansville.com/inventory/new-2027-kia-carnival-sx-prestige-fwd-4d-passenger-van-kndne5k33v6652854/
"Lou Fusz Evansville",KNDNE5K35V6655190,2027,Kia,Carnival,SX,,E2775001,2026-07-30,https://www.fuszevansville.com/inventory/new-2027-kia-carnival-sx-fwd-4d-passenger-van-kndne5k35v6655190/
"Lou Fusz Evansville",7MMVAABW4TN183906,2026,Mazda,"CX-50 Hybrid",Preferred,,WM260431,2026-07-30,https://www.fuszevansville.com/inventory/new-2026-mazda-cx-50-hybrid-preferred-awd-sport-utility-7mmvaabw4tn183906/
"Lou Fusz Evansville",JM1BPACL0T1892829,2026,Mazda,"Mazda3 Sedan","2.5 S Preferred",,WM260430,2026-08-10,https://www.fuszevansville.com/inventory/new-2026-mazda-mazda3-sedan-2-5-s-preferred-fwd-4dr-car-jm1bpacl0t1892829/
"Lou Fusz Evansville",JM1BPACL3T1892890,2026,Mazda,"Mazda3 Sedan","2.5 S Preferred",,WM260429,2026-08-10,https://www.fuszevansville.com/inventory/new-2026-mazda-mazda3-sedan-2-5-s-preferred-fwd-4dr-car-jm1bpacl3t1892890/
"Lou Fusz Evansville",JM3KKBHD0T1407148,2026,Mazda,CX-90,Preferred,,WM260426,2026-08-10,https://www.fuszevansville.com/inventory/new-2026-mazda-cx-90-preferred-awd-sport-utility-jm3kkbhd0t1407148/
"Lou Fusz Evansville",JM3KKCHD0T1407530,2026,Mazda,CX-90,"Premium Sport",,WM260427,2026-08-10,https://www.fuszevansville.com/inventory/new-2026-mazda-cx-90-premium-sport-awd-sport-utility-jm3kkchd0t1407530/
"Lou Fusz Evansville",3KPFW4DE9TE389769,2026,Kia,K4,GT-Line,,E2674054,2026-08-18,https://www.fuszevansville.com/inventory/new-2026-kia-k4-gt-line-fwd-4d-sedan-3kpfw4de9te389769/
"Lou Fusz Evansville",KNDPXDDG3V7434159,2027,Kia,"Sportage Hybrid",SX-Prestige,,E2776014,2026-08-11,https://www.fuszevansville.com/inventory/new-2027-kia-sportage-hybrid-sx-prestige-awd-4d-sport-utility-kndpxddg3v7434159/
"Lou Fusz Evansville",KNDEL3D39V7040420,2027,Kia,Seltos,S,,E2783022,2026-08-11,https://www.fuszevansville.com/inventory/new-2027-kia-seltos-s-fwd-4d-sport-utility-kndel3d39v7040420/
"Lou Fusz Evansville",KNDEDCD30V7026824,2027,Kia,Seltos,"X-Line S",,E2783025,2026-08-11,https://www.fuszevansville.com/inventory/new-2027-kia-seltos-x-line-s-awd-4d-sport-utility-kndedcd30v7026824/
"Lou Fusz Evansville",KNDEDCD36V7038248,2027,Kia,Seltos,"X-Line S",,E2783023,2026-08-11,https://www.fuszevansville.com/inventory/new-2027-kia-seltos-x-line-s-awd-4d-sport-utility-kndedcd36v7038248/
"Lou Fusz Evansville",KNAG64J79T5524185,2026,Kia,K5,"GT-Line FWD",,E2672167,2026-08-13,https://www.fuszevansville.com/inventory/new-2026-kia-k5-gt-line-fwd-fwd-4d-sedan-knag64j79t5524185/
"Lou Fusz Evansville",KNDEDCD33V7024842,2027,Kia,Seltos,"X-Line S",,E2783026,2026-08-13,https://www.fuszevansville.com/inventory/new-2027-kia-seltos-x-line-s-awd-4d-sport-utility-kndedcd33v7024842/
"Lou Fusz Evansville",5XYK6CDF4TG468142,2026,Kia,Sportage,X-Line,,E2670221,2026-07-27,https://www.fuszevansville.com/inventory/new-2026-kia-sportage-x-line-awd-4d-sport-utility-5xyk6cdf4tg468142/
"Lou Fusz Evansville",5XYRL4JCXTG486152,2026,Kia,Sorento,S,,E2677145,2026-07-27,https://www.fuszevansville.com/inventory/new-2026-kia-sorento-s-fwd-4d-sport-utility-5xyrl4jcxtg486152/
"Lou Fusz Evansville",5XYPCES11VG043904,2027,Kia,Telluride,"X-Line EX",,E2782072,2026-07-27,https://www.fuszevansville.com/inventory/new-2027-kia-telluride-x-line-ex-awd-4d-sport-utility-5xypces11vg043904/
"Lou Fusz Evansville",5XYPLESA1VG008697,2027,Kia,"Telluride Hybrid","X-Line SX-Prestige",,E2779054,2026-07-27,https://www.fuszevansville.com/inventory/new-2027-kia-telluride-hybrid-x-line-sx-prestige-awd-4d-sport-utility-5xyplesa1vg008697/
"Lou Fusz Evansville",5XYRL4JC1TG486542,2026,Kia,Sorento,S,,E2677146,2026-07-27,https://www.fuszevansville.com/inventory/new-2026-kia-sorento-s-fwd-4d-sport-utility-5xyrl4jc1tg486542/
"Lou Fusz Evansville",JM3KMBHA2T0182107,2026,Mazda,CX-5,"2.5 S Select",,WM260433,2026-08-10,https://www.fuszevansville.com/inventory/new-2026-mazda-cx-5-2-5-s-select-awd-sport-utility-jm3kmbha2t0182107/
"Lou Fusz Evansville",JM3KKBHD2T1405160,2026,Mazda,CX-90,Preferred,,WM260434,2026-08-10,https://www.fuszevansville.com/inventory/new-2026-mazda-cx-90-preferred-awd-sport-utility-jm3kkbhd2t1405160/
"Lou Fusz Evansville",JM3KMCHA3T0191291,2026,Mazda,CX-5,"2.5 S Preferred",,WM260435,2026-07-29,https://www.fuszevansville.com/inventory/new-2026-mazda-cx-5-2-5-s-preferred-awd-sport-utility-jm3kmcha3t0191291/
"Lou Fusz Evansville",JM3KKCHD5T1409726,2026,Mazda,CX-90,"Premium Sport",,WM260436,2026-07-29,https://www.fuszevansville.com/inventory/new-2026-mazda-cx-90-premium-sport-awd-sport-utility-jm3kkchd5t1409726/
"Lou Fusz Evansville",3KPFT4DE0TE393153,2026,Kia,K4,LXS,,E2674057,2026-08-22,https://www.fuszevansville.com/inventory/new-2026-kia-k4-lxs-fwd-4-door-sedan-3kpft4de0te393153/
"Lou Fusz Evansville",7MMVABALXTN617114,2026,Mazda,CX-50,"2.5 S Select",,WM260440,2026-07-30,https://www.fuszevansville.com/inventory/new-2026-mazda-cx-50-2-5-s-select-awd-sport-utility-7mmvabalxtn617114/
"Lou Fusz Evansville",7MMVABCYXTN617980,2026,Mazda,CX-50,"2.5 Turbo",,WM260439,2026-07-30,https://www.fuszevansville.com/inventory/new-2026-mazda-cx-50-2-5-turbo-awd-sport-utility-7mmvabcyxtn617980/
"Lou Fusz Evansville",7MMVABEY5TN616877,2026,Mazda,CX-50,"2.5 Turbo Premium Plus",,WM260438,2026-07-30,https://www.fuszevansville.com/inventory/new-2026-mazda-cx-50-2-5-turbo-premium-plus-awd-sport-utility-7mmvabey5tn616877/
"Lou Fusz Evansville",5XYK33DF1TG467605,2026,Kia,Sportage,EX,,E2670227,2026-08-01,https://www.fuszevansville.com/inventory/new-2026-kia-sportage-ex-fwd-4d-sport-utility-5xyk33df1tg467605/
"Lou Fusz Evansville",5XYK33DF8TG467651,2026,Kia,Sportage,EX,,E2670226,2026-08-01,https://www.fuszevansville.com/inventory/new-2026-kia-sportage-ex-fwd-4d-sport-utility-5xyk33df8tg467651/
"Lou Fusz Evansville",5XYK33DFXTG467229,2026,Kia,Sportage,EX,,E2670225,2026-08-03,https://www.fuszevansville.com/inventory/new-2026-kia-sportage-ex-fwd-4d-sport-utility-5xyk33dfxtg467229/
"Lou Fusz Evansville",5XYK6CDF3TG468231,2026,Kia,Sportage,X-Line,,E2670223,2026-08-01,https://www.fuszevansville.com/inventory/new-2026-kia-sportage-x-line-awd-4d-sport-utility-5xyk6cdf3tg468231/
"Lou Fusz Evansville",5XYK6CDF8TG468046,2026,Kia,Sportage,X-Line,,E2670222,2026-08-01,https://www.fuszevansville.com/inventory/new-2026-kia-sportage-x-line-awd-4d-sport-utility-5xyk6cdf8tg468046/
"Lou Fusz Evansville",5XYPDES14VG044784,2027,Kia,Telluride,"X-Line SX",,E2782074,2026-08-01,https://www.fuszevansville.com/inventory/new-2027-kia-telluride-x-line-sx-awd-4d-sport-utility-5xypdes14vg044784/
"Lou Fusz Evansville",3KPFW4DE6TE393861,2026,Kia,K4,GT-Line,,E2674056,2026-08-18,https://www.fuszevansville.com/inventory/new-2026-kia-k4-gt-line-fwd-4d-sedan-3kpfw4de6te393861/
"Lou Fusz Evansville",3KPFW4DE6TE394296,2026,Kia,K4,GT-Line,,E2674055,2026-08-18,https://www.fuszevansville.com/inventory/new-2026-kia-k4-gt-line-fwd-4d-sedan-3kpfw4de6te394296/
"Lou Fusz Evansville",5XYK5CDF6TG470039,2026,Kia,Sportage,SX-Prestige,,E2670228,2026-08-03,https://www.fuszevansville.com/inventory/new-2026-kia-sportage-sx-prestige-awd-4d-sport-utility-5xyk5cdf6tg470039/
"Lou Fusz Evansville",5XYRKDJF5TG487531,2026,Kia,Sorento,"X-Pro SX Prestige",,E2677148,2026-08-03,https://www.fuszevansville.com/inventory/new-2026-kia-sorento-x-pro-sx-prestige-awd-4d-sport-utility-5xyrkdjf5tg487531/
"Lou Fusz Evansville",KNDPVDDG4V7425296,2027,Kia,"Sportage Hybrid",EX,,E2776011,2026-08-03,https://www.fuszevansville.com/inventory/new-2027-kia-sportage-hybrid-ex-awd-4d-sport-utility-kndpvddg4v7425296/
"Lou Fusz Evansville",7MMVABDLXTN617321,2026,Mazda,CX-50,"2.5 S Premium",,WM260443,2026-08-19,https://www.fuszevansville.com/inventory/new-2026-mazda-cx-50-2-5-s-premium-awd-sport-utility-7mmvabdlxtn617321/
"Lou Fusz Evansville",JM1BPABL5T1895260,2026,Mazda,"Mazda3 Sedan","2.5 S Select Sport",,WM260441,2026-08-19,https://www.fuszevansville.com/inventory/new-2026-mazda-mazda3-sedan-2-5-s-select-sport-fwd-4dr-car-jm1bpabl5t1895260/
"Lou Fusz Evansville",JM3KMCHA6T0190748,2026,Mazda,CX-5,"2.5 S Preferred",,WM260444,2026-08-12,https://www.fuszevansville.com/inventory/new-2026-mazda-cx-5-2-5-s-preferred-awd-sport-utility-jm3kmcha6t0190748/
"Lou Fusz Evansville",3MVDMBCL0TM222948,2026,Mazda,CX-30,"2.5 S Preferred",,WM260442,2026-08-19,https://www.fuszevansville.com/inventory/new-2026-mazda-cx-30-2-5-s-preferred-awd-sport-utility-3mvdmbcl0tm222948/
"Lou Fusz Evansville",JM3KMEHA7T0190169,2026,Mazda,CX-5,"2.5 S Premium Plus",,WM260445,2026-08-12,https://www.fuszevansville.com/inventory/new-2026-mazda-cx-5-2-5-s-premium-plus-awd-sport-utility-jm3kmeha7t0190169/
"Lou Fusz Evansville",3KPFW4DE0TE396609,2026,Kia,K4,GT-Line,,E2674060,2026-08-18,https://www.fuszevansville.com/inventory/new-2026-kia-k4-gt-line-fwd-4d-sedan-3kpfw4de0te396609/
"Lou Fusz Evansville",3KPFW4DE4TE396337,2026,Kia,K4,GT-Line,,E2674058,2026-08-18,https://www.fuszevansville.com/inventory/new-2026-kia-k4-gt-line-fwd-4d-sedan-3kpfw4de4te396337/
"Lou Fusz Evansville",JM3KKCHD8T1410515,2026,Mazda,CX-90,"Premium Sport",,WM260455,2026-08-19,https://www.fuszevansville.com/inventory/new-2026-mazda-cx-90-premium-sport-awd-sport-utility-jm3kkchd8t1410515/
"Lou Fusz Evansville",JM3KKDHC5T1408816,2026,Mazda,CX-90,"S Premium Sport",,WM260456,2026-08-13,https://www.fuszevansville.com/inventory/new-2026-mazda-cx-90-s-premium-sport-awd-sport-utility-jm3kkdhc5t1408816/
"Lou Fusz Evansville",JM3KKEHD1T1410464,2026,Mazda,CX-90,"Premium Plus",,WM260457,2026-08-13,https://www.fuszevansville.com/inventory/new-2026-mazda-cx-90-premium-plus-awd-sport-utility-jm3kkehd1t1410464/
"Lou Fusz Evansville",JM3KMBHA0T0179559,2026,Mazda,CX-5,"2.5 S Select",,WM260447,2026-08-19,https://www.fuszevansville.com/inventory/new-2026-mazda-cx-5-2-5-s-select-awd-sport-utility-jm3kmbha0t0179559/
"Lou Fusz Evansville",JM3KMBHA7T0190882,2026,Mazda,CX-5,"2.5 S Select",,WM260458,2026-08-19,https://www.fuszevansville.com/inventory/new-2026-mazda-cx-5-2-5-s-select-awd-sport-utility-jm3kmbha7t0190882/
"Lou Fusz Evansville",7MMVABBL7TN618087,2026,Mazda,CX-50,"2.5 S Preferred",,WM260450,2026-08-04,https://www.fuszevansville.com/inventory/new-2026-mazda-cx-50-2-5-s-preferred-awd-sport-utility-7mmvabbl7tn618087/
"Lou Fusz Evansville",7MMVABEY9TN618096,2026,Mazda,CX-50,"2.5 Turbo Premium Plus",,WM260448,2026-08-04,https://www.fuszevansville.com/inventory/new-2026-mazda-cx-50-2-5-turbo-premium-plus-awd-sport-utility-7mmvabey9tn618096/
"Lou Fusz Evansville",JM1BPAAL4T1894425,2026,Mazda,"Mazda3 Sedan","2.5 S",,WM260454,2026-08-19,https://www.fuszevansville.com/inventory/new-2026-mazda-mazda3-sedan-2-5-s-fwd-4dr-car-jm1bpaal4t1894425/
"Lou Fusz Evansville",JM1BPABL3T1894981,2026,Mazda,"Mazda3 Sedan","2.5 S Select Sport",,WM260453,2026-08-04,https://www.fuszevansville.com/inventory/new-2026-mazda-mazda3-sedan-2-5-s-select-sport-fwd-4dr-car-jm1bpabl3t1894981/
"Lou Fusz Evansville",JM1BPABL4T1895010,2026,Mazda,"Mazda3 Sedan","2.5 S Select Sport",,WM260452,2026-08-19,https://www.fuszevansville.com/inventory/new-2026-mazda-mazda3-sedan-2-5-s-select-sport-fwd-4dr-car-jm1bpabl4t1895010/
"Lou Fusz Evansville",JM1NDAD74T0707212,2026,Mazda,"MX-5 Miata","Grand Touring",,WM260446,2026-08-10,https://www.fuszevansville.com/inventory/new-2026-mazda-mx-5-miata-grand-touring-rwd-convertible-jm1ndad74t0707212/
"Lou Fusz Evansville",JM3KKBHD1T1408020,2026,Mazda,CX-90,Preferred,,WM260451,2026-08-13,https://www.fuszevansville.com/inventory/new-2026-mazda-cx-90-preferred-awd-sport-utility-jm3kkbhd1t1408020/
"Lou Fusz Evansville",JM3KMCHA3T0184440,2026,Mazda,CX-5,"2.5 S Preferred",,WM260460,2026-08-13,https://www.fuszevansville.com/inventory/new-2026-mazda-cx-5-2-5-s-preferred-awd-sport-utility-jm3kmcha3t0184440/
"Lou Fusz Evansville",7MMVAADW4TN185572,2026,Mazda,"CX-50 Hybrid",Premium,,WM260463,2026-08-04,https://www.fuszevansville.com/inventory/new-2026-mazda-cx-50-hybrid-premium-awd-sport-utility-7mmvaadw4tn185572/
"Lou Fusz Evansville",7MMVABBLXTN618892,2026,Mazda,CX-50,"2.5 S Preferred",,WM260464,2026-08-04,https://www.fuszevansville.com/inventory/new-2026-mazda-cx-50-2-5-s-preferred-awd-sport-utility-7mmvabblxtn618892/
"Lou Fusz Evansville",JM3KMEHA0T0194113,2026,Mazda,CX-5,"2.5 S Premium Plus",,WM260462,2026-08-19,https://www.fuszevansville.com/inventory/new-2026-mazda-cx-5-2-5-s-premium-plus-awd-sport-utility-jm3kmeha0t0194113/
"Lou Fusz Evansville",3KPFT4DE9TE397363,2026,Kia,K4,LXS,,E2674061,2026-08-18,https://www.fuszevansville.com/inventory/new-2026-kia-k4-lxs-fwd-4d-sedan-3kpft4de9te397363/
"Lou Fusz Evansville",JM1BPBNY6T1856836,2026,Mazda,"Mazda3 Hatchback","2.5 Turbo Premium Plus",,WM260465,2026-08-05,https://www.fuszevansville.com/inventory/new-2026-mazda-mazda3-hatchback-2-5-turbo-premium-plus-awd-hatchback-jm1bpbny6t1856836/
"Lou Fusz Evansville",7YAPCDDG6VY002390,2027,Kia,"Sportage Hybrid",X-Line,,E2776010,2026-08-07,https://www.fuszevansville.com/inventory/new-2027-kia-sportage-hybrid-x-line-awd-4d-sport-utility-7yapcddg6vy002390/
"Lou Fusz Evansville",5XYK33DF6TG471939,2026,Kia,Sportage,EX,,E2670230,2026-08-22,https://www.fuszevansville.com/inventory/new-2026-kia-sportage-ex-fwd-4dr-sport-utility-5xyk33df6tg471939/
"Lou Fusz Evansville",5XYK3CDF9TG469957,2026,Kia,Sportage,EX,,E2670229,2026-08-07,https://www.fuszevansville.com/inventory/new-2026-kia-sportage-ex-awd-4d-sport-utility-5xyk3cdf9tg469957/
"Lou Fusz Evansville",5XYPDESA2VG043004,2027,Kia,"Telluride Hybrid","X-Line SX",,E2779057,2026-08-07,https://www.fuszevansville.com/inventory/new-2027-kia-telluride-hybrid-x-line-sx-awd-4d-sport-utility-5xypdesa2vg043004/
"Lou Fusz Evansville",3KPFT4DE5TE397960,2026,Kia,K4,LXS,,E2674059,2026-08-18,https://www.fuszevansville.com/inventory/new-2026-kia-k4-lxs-fwd-4d-sedan-3kpft4de5te397960/
"Lou Fusz Evansville",5XYRKDJF3TG490072,2026,Kia,Sorento,"X-Line SX Prestige",,E2677152,2026-08-13,https://www.fuszevansville.com/inventory/new-2026-kia-sorento-x-line-sx-prestige-awd-4d-sport-utility-5xyrkdjf3tg490072/
"Lou Fusz Evansville",5XYRKDJF6TG489367,2026,Kia,Sorento,"X-Line SX",,E2677151,2026-08-13,https://www.fuszevansville.com/inventory/new-2026-kia-sorento-x-line-sx-awd-4d-sport-utility-5xyrkdjf6tg489367/
"Lou Fusz Evansville",5XYRKDJFXTG489548,2026,Kia,Sorento,"X-Line SX",,E2677149,2026-08-13,https://www.fuszevansville.com/inventory/new-2026-kia-sorento-x-line-sx-awd-4d-sport-utility-5xyrkdjfxtg489548/
"Lou Fusz Evansville",5XYPDESA0VG045236,2027,Kia,"Telluride Hybrid","X-LINE SX",,E2779058,2026-08-22,https://www.fuszevansville.com/inventory/new-2027-kia-telluride-hybrid-x-line-sx-awd-5dr-sport-utility-5xypdesa0vg045236/
"Lou Fusz Evansville",5XYPDESA8VG045517,2027,Kia,"Telluride Hybrid","X-Line SX",,E2779059,2026-08-13,https://www.fuszevansville.com/inventory/new-2027-kia-telluride-hybrid-x-line-sx-awd-4d-sport-utility-5xypdesa8vg045517/
"Lou Fusz Evansville",5XYPLES17VG046385,2027,Kia,Telluride,"X-Line SX-Prestige",,E2782075,2026-08-13,https://www.fuszevansville.com/inventory/new-2027-kia-telluride-x-line-sx-prestige-awd-4d-sport-utility-5xyples17vg046385/
"Lou Fusz Evansville",5XYRH4JF4TG490032,2026,Kia,Sorento,EX,,E2677153,2026-08-22,https://www.fuszevansville.com/inventory/new-2026-kia-sorento-ex-fwd-4dr-sport-utility-5xyrh4jf4tg490032/
"Lou Fusz Evansville",5XYRHDJF7TG489778,2026,Kia,Sorento,"X-Line EX",,E2677150,2026-08-13,https://www.fuszevansville.com/inventory/new-2026-kia-sorento-x-line-ex-awd-4d-sport-utility-5xyrhdjf7tg489778/
"Lou Fusz Evansville",JM3KKBHD9T1411554,2026,Mazda,CX-90,Preferred,,WM260469,2026-08-12,https://www.fuszevansville.com/inventory/new-2026-mazda-cx-90-preferred-awd-sport-utility-jm3kkbhd9t1411554/
"Lou Fusz Evansville",JM3KKCHD7T1410344,2026,Mazda,CX-90,"Premium Sport",,WM260468,2026-08-12,https://www.fuszevansville.com/inventory/new-2026-mazda-cx-90-premium-sport-awd-sport-utility-jm3kkchd7t1410344/
"Lou Fusz Evansville",JM3KMBHA9T0183562,2026,Mazda,CX-5,"2.5 S Select",,WM260467,2026-08-12,https://www.fuszevansville.com/inventory/new-2026-mazda-cx-5-2-5-s-select-awd-sport-utility-jm3kmbha9t0183562/
"Lou Fusz Evansville",JM1BPABL2T1895135,2026,Mazda,"Mazda3 Sedan","2.5 S Select Sport",,WM260470,2026-08-12,https://www.fuszevansville.com/inventory/new-2026-mazda-mazda3-sedan-2-5-s-select-sport-fwd-4dr-car-jm1bpabl2t1895135/
"Lou Fusz Evansville",JM3KKBHD7T1411018,2026,Mazda,CX-90,Preferred,,WM260477,2026-08-13,https://www.fuszevansville.com/inventory/new-2026-mazda-cx-90-preferred-awd-sport-utility-jm3kkbhd7t1411018/
"Lou Fusz Evansville",JM3KKBHD7T1412377,2026,Mazda,CX-90,Preferred,,WM260472,2026-08-13,https://www.fuszevansville.com/inventory/new-2026-mazda-cx-90-preferred-awd-sport-utility-jm3kkbhd7t1412377/
"Lou Fusz Evansville",JM3KKCHD2T1410574,2026,Mazda,CX-90,"Premium Sport",,WM260476,2026-08-13,https://www.fuszevansville.com/inventory/new-2026-mazda-cx-90-premium-sport-awd-sport-utility-jm3kkchd2t1410574/
"Lou Fusz Evansville",JM3KMBHA5T0201796,2026,Mazda,CX-5,"2.5 S Select",,WM260473,2026-08-13,https://www.fuszevansville.com/inventory/new-2026-mazda-cx-5-2-5-s-select-awd-sport-utility-jm3kmbha5t0201796/
"Lou Fusz Evansville",JM3KMCHA5T0198520,2026,Mazda,CX-5,"2.5 S Preferred",,WM260474,2026-08-13,https://www.fuszevansville.com/inventory/new-2026-mazda-cx-5-2-5-s-preferred-awd-sport-utility-jm3kmcha5t0198520/
"Lou Fusz Evansville",JM3KMDHA5T0201924,2026,Mazda,CX-5,"2.5 S Premium",,WM260475,2026-08-13,https://www.fuszevansville.com/inventory/new-2026-mazda-cx-5-2-5-s-premium-awd-sport-utility-jm3kmdha5t0201924/
"Lou Fusz Evansville",JM1NDAM75T0708823,2026,Mazda,"MX-5 Miata RF","Grand Touring",,WM260471,2026-08-13,https://www.fuszevansville.com/inventory/new-2026-mazda-mx-5-miata-rf-grand-touring-rwd-convertible-jm1ndam75t0708823/
"Lou Fusz Evansville",7YAPCDDG3VY002444,2027,Kia,"Sportage Hybrid",X-Line,,E2776013,2026-08-22,https://www.fuszevansville.com/inventory/new-2027-kia-sportage-hybrid-x-line-awd-5dr-sport-utility-7yapcddg3vy002444/
"Lou Fusz Evansville",5XYRHDJF8TG490342,2026,Kia,Sorento,"X-Line EX",,E2677154,2026-08-18,https://www.fuszevansville.com/inventory/new-2026-kia-sorento-x-line-ex-awd-4d-sport-utility-5xyrhdjf8tg490342/
"Lou Fusz Evansville",5XYPDESA8VG046067,2027,Kia,"Telluride Hybrid","X-Line SX",,E2779062,2026-08-18,https://www.fuszevansville.com/inventory/new-2027-kia-telluride-hybrid-x-line-sx-awd-4d-sport-utility-5xypdesa8vg046067/
"Lou Fusz Evansville",5XYRH4JF4TG488300,2026,Kia,Sorento,EX,,E2677155,2026-08-18,https://www.fuszevansville.com/inventory/new-2026-kia-sorento-ex-fwd-4d-sport-utility-5xyrh4jf4tg488300/
"Lou Fusz Evansville",5XYPLESA7VG047939,2027,Kia,"Telluride Hybrid","X-Line SX Prestige",,E2779061,2026-08-17,https://www.fuszevansville.com/inventory/new-2027-kia-telluride-hybrid-x-line-sx-prestige-awd-4d-sport-utility-5xyplesa7vg047939/
"Lou Fusz Evansville",5XYK6CDF1VG472930,2027,Kia,Sportage,X-Line,,E2770001,2026-08-17,https://www.fuszevansville.com/inventory/new-2027-kia-sportage-x-line-awd-5xyk6cdf1vg472930/
"Lou Fusz Evansville",5XYK6CDFXVG471680,2027,Kia,Sportage,X-Line,,E2770002,2026-08-17,https://www.fuszevansville.com/inventory/new-2027-kia-sportage-x-line-awd-5xyk6cdfxvg471680/
"Lou Fusz Evansville",KNDPVDDG4V7410829,2027,Kia,"Sportage Hybrid",X-Line,,E2776015,2026-08-17,https://www.fuszevansville.com/inventory/new-2027-kia-sportage-hybrid-x-line-awd-4d-sport-utility-kndpvddg4v7410829/
"Lou Fusz Evansville",7MMVABDL6TN620944,2026,Mazda,CX-50,"2.5 S Premium",,WM260479,2026-08-19,https://www.fuszevansville.com/inventory/new-2026-mazda-cx-50-2-5-s-premium-awd-sport-utility-7mmvabdl6tn620944/
"Lou Fusz Evansville",7MMVABBL7TN622334,2026,Mazda,CX-50,"2.5 S Preferred",,WM260480,2026-08-19,https://www.fuszevansville.com/inventory/new-2026-mazda-cx-50-2-5-s-preferred-awd-sport-utility-7mmvabbl7tn622334/
"Lou Fusz Evansville",7YAPB3DG3VY005261,2027,Kia,"Sportage Hybrid",LX,,E2776017,2026-08-19,https://www.fuszevansville.com/inventory/new-2027-kia-sportage-hybrid-lx-fwd-4d-sport-utility-7yapb3dg3vy005261/
"Lou Fusz Evansville",7YAPC3DG4VY004908,2027,Kia,"Sportage Hybrid",EX,,E2776016,2026-08-19,https://www.fuszevansville.com/inventory/new-2027-kia-sportage-hybrid-ex-fwd-4d-sport-utility-7yapc3dg4vy004908/
"Lou Fusz Evansville",5XYPCES1XVG038569,2027,Kia,Telluride,"X-Line EX",,E2782063,2026-08-21,https://www.fuszevansville.com/inventory/new-2027-kia-telluride-x-line-ex-awd-4d-sport-utility-5xypces1xvg038569/
"Lou Fusz Evansville",JM1BPABL2T1894373,2026,Mazda,"Mazda3 Sedan","2.5 S Select Sport",,WM260481,2026-08-21,https://www.fuszevansville.com/inventory/new-2026-mazda-mazda3-sedan-2-5-s-select-sport-fwd-4dr-car-jm1bpabl2t1894373/
